MM_ID,AAchange,AAchange_ID,caMOD_ID,ModelDescription,TumorSites,PubMed,Mref_ID,ProtDescription,Comment
53,NA,1641,50000924,[not specified] <b>Tg(GFAP-SRC)#Aag Trp53<sup>tm1Brd</sup>/+</b>,CNS - Brain - Astrocyte,10027415,83,p.?,""
637,NA,1641,NA,(C57BL/6; 129/Sv; BL/Swiss) <b>Dcn<sup>-/-</sup> P53<sup>-/-</sup></b>,Leukocyte - Lymphocyte,10077642,135,p.?,""
638,NA,1641,NA,(C57BL/6; 129/Sv; BL/Swiss) <b>Dcn<sup>+/-</sup> P53<sup>-/-</sup></b>,Leukocyte - Lymphocyte,10077642,135,p.?,""
57,NA,1641,50001157,[not specified] <b>Trp53<sup>tm1Brd</sup></b>,"Esophagus, Leukocyte",10210642,82,p.?,""
58,NA,1641,50001158,[not specified] <b>Trp53<sup>tm1Brd</sup></b>,Esophagus,10210642,82,p.?,""
8,NA,1641,16,<b>Brca1<sup>Ko/Co</sup> x MMTV-cre x Trp53<sup>+/-</sup><b>,Mammary Gland,10319859,81,p.?,""
124,NA,1641,50002015,[not specified] <b>Tg(MMTV-cre)4Mam Brca1<sup>tm1Cxd</sup>/Brca1<sup>tm2Cxd</sup> Trp53<sup>tm1Brd</sup>/+</b>,Mammary gland,10319859,81,p.?,""
125,NA,1641,50002016,[not specified] <b>Tg(MMTV-cre)4Mam Brca1<sup>tm1Cxd</sup>/+ Trp53<sup>tm1Brd</sup>/+</b>,Mammary gland,10319859,81,p.?,""
126,NA,1641,50002017,[not specified] <b>Tg(MMTV-cre)4Mam Brca1<sup>tm2Cxd</sup>/+ Trp53<sup>tm1Brd</sup>/+</b>,Mammary gland,10319859,81,p.?,""
127,NA,1641,50002018,[not specified] <b>Brca1<sup>tm1Cxd</sup>/Brca1<sup>tm2Cxd</sup> Trp53<sup>tm1Brd</sup>/+</b>,Mammary gland,10319859,81,p.?,""
128,NA,1641,50002019,[not specified] <b>Trp53<sup>tm1Brd</sup>/+</b>,Mammary gland,10319859,81,p.?,""
92,NA,1641,50001581,[not specified] <b>Trp53<sup>tm1Sia</sup></b>,"Thymus, Germ cell (sex not specified), Blood vessel, Neuroblast, Mesodermal cell/mesoblast",10346812,80,p.?,""
93,NA,1641,50001582,[not specified] <b>Irf1<sup>tm1Mak</sup> Trp53<sup>tm1Sia</sup></b>,"Thymus, Germ cell (sex not specified), Blood vessel, Mesodermal cell/mesoblast, CNS - Spinal cord, CNS - Brain - Undifferentiated cell",10346812,80,p.?,""
94,NA,1641,50001583,[not specified] <b>Trp53<sup>tm1Sia</sup></b> : STOCK <b>Irf1<sup>tm1Mak</sup> Trp53<sup>tm1Sia</sup></b>,"Thymus, Adipose tissue, Blood vessel, Mesodermal cell/mesoblast",10346812,80,p.?,""
95,NA,1641,50001584,[not specified] +/+ : STOCK <b>Irf1<sup>tm1Mak</sup> Trp53<sup>tm1Sia</sup></b>,"Thymus, Blood vessel",10346812,80,p.?,""
74,NA,1641,50001333,(B6; 129S) <b>Mdm2<sup>tm1Glo</sup>/+ Trp53<sup>tm1Tyj</sup></b>,"Bone, Spleen, Thymus, Germ cell (sex not specified), Blood vessel, Testis - Germ cell, Leukocyte, Connective tissue - Fibroblast",10419603,79,p.?,"See also Mref_ID 143, 239"
75,NA,1641,50001334,(B6; 129S) <b>Mdm2<sup>tm1Glo</sup> Trp53<sup>tm1Tyj</sup></b>,"Bone, Spleen, Thymus, Germ cell (sex not specified), Blood vessel, Testis - Germ cell, Leukocyte, Connective tissue - Fibroblast",10419603,79,p.?,""
76,NA,1641,50001335,(C57BL/6; 129/Sv) <b>Trp53<sup>tm1Tyj</sup></b>,"Bone, Spleen, Thymus, Germ cell (sex not specified), Blood vessel, Testis - Germ cell, Leukocyte, Leukocyte, Connective tissue - Fibroblast",10419603,143,p.?,""
296,NA,1641,50003919,(B6; 129S7) <b>Trp53<sup>tm1Brd</sup>/+</b>,Liver,10465341,78,p.?,""
297,NA,1641,50003920,(B6; 129S7) <b>Trp53<sup>tm1Brd</sup>/+</b>,Liver,10465341,78,p.?,""
298,NA,1641,50003921,(B6; 129S7) <b>Trp53<sup>tm1Brd</sup>/+</b>,"Lung, Liver",10465341,78,p.?,""
796,NA,1641,NA,(C57BL/6 x C57BL/6; 129/sv) <b>E&mu;-myc p53<sup>+/-</sup></b>,Leukocyte - Lymphocyte,10541553,205,p.?,""
797,NA,1641,NA,(C57BL/6 x C57BL/6; 129/sv) <b>E&mu;-myc p53<sup>-/-</sup></b>,Leukocyte - Lymphocyte,10541553,205,p.?,""
83,NA,1641,50001520,(C57BL/6; 129S4/SvJae) <b>cis Nf1<sup>tm1Tyj</sup>/+ Trp53<sup>tm1Tyj</sup>/+</b> Npcis,PNS - Nerve sheath,10591652,77,p.?,Detailed genetic background obtained from Mref_ID 61
84,NA,1641,50001521,(C57BL/6; 129S4/SvJae) <b>trans Nf1<sup>tm1Tyj</sup>/+ Trp53<sup>tm1Tyj</sup>/+</b> Nptrans,"Bone, Blood vessel, Muscle",10591652,77,p.?,Detailed genetic background obtained from Mref_ID 61
89,NA,1641,50001574,(B6; 129) <b>Nf1<sup>tm1Fcr</sup>/+ Trp53<sup>tm1Tyj</sup>/+</b>,"Neuroblast, Mesodermal cell/mesoblast, Leukocyte",10591653,76,p.?,""
90,NA,1641,50001575,(B6; 129) <b>Nf1<sup>tm1Fcr</sup>/+ Trp53<sup>tm1Tyj</sup>/+</b>,"Mesodermal cell/mesoblast, Leukocyte",10591653,76,p.?,""
91,NA,1641,50001576,(B6; 129) <b>Nf1<sup>tm1Fcr</sup>/+ Trp53<sup>tm1Tyj</sup></b>,Leukocyte,10591653,76,p.?,""
321,NA,1641,552,(129Sv; C57BL/6) <b>cis Nf1+/- p53+/-</b>,"Leukocyte (WBC), PNS - Schwann Cell, Soft Tissues",10591653,76,p.?,""
322,NA,1641,553,<b>Nf1+/&#8722; p53-/&#8722;</b>,Leukocyte (WBC),10591653,76,p.?,""
324,NA,1641,554,<b>trans Nf1+/&#8722; p53+/&#8722;</b>,"Leukocyte (WBC), Soft Tissues",10591653,76,p.?,""
210,NA,1641,50002616,(STOCK) <b>Apc<sup>Min</sup>/+ Trp53<sup>tm1Mlh</sup></b>,"Intestine, Pancreas - Acinar cell",10602475,75,p.?,""
77,NA,1641,50001336,(B6; 129S) <b>Trp53<sup>tm1Tyj</sup></b>,Leukocyte - Lymphocyte - Pre-B-lymphocyte,10611241,74,p.?,""
78,NA,1641,50001337,(B6; 129S) <b>Trp53<sup>tm1Tyj</sup></b>,Leukocyte - Lymphocyte - Pre-B-lymphocyte,10611241,74,p.?,""
87,NA,1641,50001538,(B6; 129S) <b>Trp53<sup>tm1Tyj</sup>/+</b>,Leukocyte - Lymphocyte - Pre-B-lymphocyte,10611241,74,p.?,""
88,NA,1641,50001539,(B6; 129S) <b>Trp53<sup>tm1Tyj</sup>/+</b>,Leukocyte - Lymphocyte - Pre-B-lymphocyte,10611241,74,p.?,""
263,NA,1641,50003163,(B6; 129) <b>Trp53<sup>tm1Brd</sup>/+</b>,"Heart, Lung, Spleen, Thymus, Prostate gland, Forestomach, Subcutis, Abdominal cavity, Liver - Hepatocyte, Liver - Oval cell",10620525,73,p.?,""
264,NA,1641,50003164,(B6; 129) <b>Trp53<sup>tm1Brd</sup>/+</b>,"Adipose tissue - Abdominal cavity, Heart, Liver - Hepatocyte, Liver - Oval cell, Lung, Prostate gland, Spleen, Subcutis, Thymus",10620525,73,p.?,""
265,NA,1641,50003165,(B6; 129) <b>Trp53<sup>tm1Brd</sup>/+</b>,"Heart, Lung, Spleen, Thymus, Prostate gland, Subcutis, Abdominal cavity, Liver - Oval cell, Liver - Hepatocyte",10620525,73,p.?,""
136,NA,1641,50002086,(STOCK) <b>Tg(BCR/ABL1)5Hhi Trp53<sup>tm1Sia</sup>/+</b>,Leukocyte,10666183,72,p.?,""
21,R175H,2116,168,<b>WAP-p53 172R-H x WAP-des-IGF-1</b>,Mammary Gland,10702797,71,p.R175H,""
114,NA,1641,50001977,(B6AF1) <b>Trp53<sup>tm1Brd</sup>/+</b>,Lung,10706103,70,p.?,""
115,NA,1641,50001978,(B6AF1) <b>Trp53<sup>tm1Brd</sup>/+</b>,Lung,10706103,70,p.?,""
116,A138V,21,50001987,(FVBAF1) <b>Tg(Trp53A135V)3Tgd</b>,Lung,10706103,70,p.A138V,""
117,A138V,21,50001988,(FVBAF1) <b>Tg(Trp53A135V)3Tgd</b>,Lung,10706103,70,p.A138V,""
118,A138V,21,50001989,(FVBAF1) <b>Tg(Trp53A135V)3Tgd</b>,Lung,10706103,70,p.A138V,""
119,A138V,21,50001990,(FVBAF1) <b>Tg(Trp53A135V)3Tgd</b>,Lung,10706103,70,p.A138V,""
120,A138V,21,50001991,(FVBAF1) <b>Tg(Trp53A135V)3Tgd</b>,Lung,10706103,70,p.A138V,""
121,A138V,21,50001992,(FVBAF1) <b>Tg(Trp53A135V)3Tgd</b>,Lung,10706103,70,p.A138V,""
122,A138V,21,50001993,(FVBAF1) <b>Tg(Trp53A135V)3Tgd</b>,Lung,10706103,70,p.A138V,""
123,A138V,21,50001994,(FVBAF1) <b>Tg(Trp53A135V)3Tgd</b>,Lung,10706103,70,p.A138V,""
9,NA,1641,48,(BALB/c) <b>p53 null transplant</b>,NA,10713689,69,p.?,""
15,NA,1641,330,(BALB/c) <b>p53 null transplant-pituitary isograft</b>,Mammary Gland,10713689,69,p.?,""
237,NA,1641,50002733,(B6; 129S7) <b>Trp53<sup>tm1Glo</sup></b>,Thymus,10760284,68,p.?,""
238,NA,1641,50002734,(B6; 129S7) <b>Trp53<sup>tm1Glo</sup>/+</b>,"Bone, Lung, Pancreas - Islet of Langerhans, Adipose tissue, Blood vessel, Connective tissue - Fibroblast, Liver - Hepatocyte",10760284,68,p.?,""
7,R175H,2116,8,<b>p53R172Hdeltag</b>,"Bone, Leukocyte - Lymphocyte - T-Lymphocyte, Liver - Hepatocyte, Lung",10760284,68,p.R175H,""
134,NA,1641,50002061,[not specified] <b>Trp53<sup>tm1Brd</sup> Xrcc5<sup>tm1Gcl</sup></b>,Leukocyte - Lymphocyte - Pro-B-lymphocyte,10761921,67,p.?,""
249,NA,1641,50002859,[not specified] <b>Trp53<sup>tm1Brd</sup></b>,Thymus,10761921,67,p.?,""
164,NA,1641,50002312,[not specified] <b>Tg(Gfap-Cre)2Brn Rb1<sup>tm2Brn</sup> Trp53<sup>tm1Brd</sup>/+</b>,"Mesodermal cell/mesoblast, CNS - Brain - Cerebellum, Leukocyte - Lymphocyte",10783170,66,p.?,""
165,NA,1641,50002313,[not specified] <b>Tg(Gfap-Cre)2Brn Rb1<sup>tm2Brn</sup>/+ Trp53<sup>tm1Brd</sup><b>,CNS - Brain - Cerebellum,10783170,66,p.?,""
166,NA,1641,50002314,[not specified] <b>Tg(Gfap-Cre)2Brn Rb1<sup>tm2Brn</sup> Trp53<sup>tm1Brd</sup></b>,CNS - Brain - Cerebellum,10783170,66,p.?,""
167,NA,1641,50002315,[not specified] <b>Tg(Gfap-Cre)2Brn Rb1<sup>tm2Brn</sup>/+ Trp53<sup>tm1Brd</sup>/+</b>,CNS - Brain - Cerebellum,10783170,66,p.?,""
168,NA,1641,50002316,[not specified] <b>Tg(Gfap-Cre)2Brn Trp53<sup>tm1Brn</sup></b>,CNS - Brain - Cerebellum,10783170,66,p.?,""
169,NA,1641,50002317,[not specified] <b>Tg(Gfap-Cre)2Brn Rb1<sup>tm2Brn</sup> Trp53<sup>tm1Brn</sup>/+</b>,CNS - Brain - Cerebellum,10783170,66,p.?,""
170,NA,1641,50002318,[not specified] <b>Tg(Gfap-Cre)2Brn Rb1<sup>tm2Brn</sup>/+ Trp53<sup>tm1Brn</sup></b>,CNS - Brain - Cerebellum,10783170,66,p.?,""
171,NA,1641,50002320,[not specified] <b>Tg(Gfap-Cre)2Brn Rb1<sup>tm2Brn</sup> Trp53<sup>tm1Brn</sup></b>,CNS - Brain - Cerebellum,10783170,66,p.?,""
172,NA,1641,50002321,[not specified] <b>Tg(Gfap-Cre)2Brn Rb1<sup>tm2Brn</sup>/+ Trp53<sup>tm1Brn</sup>/+</b>,CNS - Brain - Cerebellum,10783170,66,p.?,""
173,NA,1641,50002322,[not specified] <b>Trp53<sup>tm1Brn</sup></b>,CNS - Brain - Cerebellum,10783170,66,p.?,""
319,NA,1641,496,<b>GFAP-Cre x Rb1 floxed (F19) x Trp53 floxed (F2-10) or Trp53 null</b>,CNS - Brain,10783170,66,p.?,""
96,NA,1641,50001617,[not specified] <b>Trp53<sup>tm1Tyj</sup> Xrcc4<sup>tm1Fwa</sup></b>,Leukocyte - Lymphocyte - Pro-B-lymphocyte,10786799,65,p.?,""
97,NA,1641,50001618,[not specified] <b>Trp53<sup>tm1Tyj</sup>/+ Xrcc4<sup>tm1Fwa</sup></b>,NA,10786799,65,p.?,""
132,NA,1641,50002057,(B6; 129) <b>Lig4<sup>tm1Fwa</sup> Trp53<sup>tm1Brd</sup></b>,Leukocyte - Lymphocyte - Pro-B-lymphocyte,10911993,64,p.?,""
133,NA,1641,50002058,(B6; 129) <b>Lig4<sup>tm1Fwa</sup> Trp53<sup>tm1Brd</sup>/+</b>,Leukocyte - Lymphocyte,10911993,64,p.?,""
245,NA,1641,50002821,(B6; Cg) <b>Apc<sup>Min</sup>/+ Trp53<sup>tm1Brd</sup></b>,"Intestine - Large Intestine - Colon, Intestine, Intestine - Small Intestine",10919675,63,p.?,""
246,NA,1641,50002822,(B6; Cg) <b>Apc<sup>Min</sup>/+ Dnmt1<sup>tm1Jae</sup>/+ Trp53<sup>tm1Brd</sup></b>,"Intestine - Large Intestine - Colon, Intestine, Intestine - Small Intestine",10919675,63,p.?,""
98,NA,1641,50001654,(STOCK) <b>Terc<sup>tm1Rdp</sup> Trp53<sup>tm1Tyj</sup></b>,"Thymus, Mesodermal cell/mesoblast, Leukocyte - Lymphocyte",10949306,62,p.?,""
99,NA,1641,50001655,(STOCK) <b>Terc<sup>tm1Rdp</sup>/+ Trp53<sup>tm1Tyj</sup></b>,NA,10949306,62,p.?,""
100,NA,1641,50001656,(STOCK) <b>Terc<sup>tm1Rdp</sup> Trp53<sup>tm1Tyj</sup>/+</b>,"Bone, Skin, Blood vessel, Intestine - Large Intestine - Cecum, Salivary gland - Parotid, Mesodermal cell/mesoblast, Leukocyte, Mammary gland, Ovary, Leukocyte - Lymphocyte, Intestine - Large Intestine",10949306,62,p.?,""
702,NA,1641,NA,<b>p53+/- G93A</b>,CNS - Spinal cord,10964497,160,p.?,""
703,NA,1641,NA,<b>p53-/- G93A</b>,CNS - Spinal cord,10964497,160,p.?,""
648,L22Q/W23S,,NA,(CE/129) <b>Trp53<sup>QS</sup></b>,"Lymphomas, Sarcomas",10973245,139,,""
101,NA,1641,50001657,(C57BL/6) <b>Nf1<sup>tm1Tyj</sup>/+ Trp53<sup>tm1Tyj</sup>/+</b>,"Mesodermal cell/mesoblast, CNS - Brain - Astrocyte",10973261,61,p.?,""
102,NA,1641,50001658,(C57BL/6 x C3H/HeJ) F1 <b>Nf1<sup>tm1Tyj</sup>/+ Trp53<sup>tm1Tyj</sup>/+</b>,"Mesodermal cell/mesoblast, CNS - Brain - Astrocyte",10973261,61,p.?,""
103,NA,1641,50001660,(C57BL/6 x CAST/EiJ) F1 <b>Nf1<sup>tm1Tyj</sup>/+ Trp53<sup>tm1Tyj</sup>/+</b>,"Mesodermal cell/mesoblast, CNS - Brain - Astrocyte",10973261,61,p.?,""
104,NA,1641,50001661,(C57BL/6 x SJL/J) F1 <b>Nf1<sup>tm1Tyj</sup>/+ Trp53<sup>tm1Tyj</sup>/+</b>,"Mesodermal cell/mesoblast, CNS - Brain - Astrocyte",10973261,61,p.?,""
714,NA,1641,NA,(C57BL/6 x CBA/J) F1 <b>Nf1<sup>tm1Tyj</sup>/+ Trp53<sup>tm1Tyj</sup>/+</b>,"Soft Tissues, CNS - Brain - Astrocyte, Leukocyte - Lymphocyte, Adrenal gland - Medulla",10973261,61,p.?,""
650,NA,1641,NA,<b>SOD1<sup>G93A</sup>p53<sup>-/-</sup></b>,NA,11011020,141,p.?,""
22,NA,1641,433,(BALB/c) <b>Trp53<sup>+/-</sup></b>,Mammary Gland,11106587,60,p.?,""
23,NA,1641,378,(BALB/c) <b>Trp53<sup>-/-</sup></b>,"Soft Tissues, Thymus",11106587,60,p.?,""
143,NA,1641,50002220,(C; 129S2(B6)) <b>Trp53<sup>tm1Tyj</sup></b>,"Blood vessel, Mesodermal cell/mesoblast, Leukocyte, Mammary gland",11106587,60,p.?,""
145,NA,1641,50002222,(C; 129S2(B6)) <b>Trp53<sup>tm1Tyj</sup>/+</b>,"Bone, Blood vessel, Mesodermal cell/mesoblast, Prepuce, Leukocyte, Mammary gland, Salivary gland",11106587,60,p.?,""
180,NA,1641,50002427,(STOCK) <b>Tg(Ela1-Tgfa)150Bri Trp53<sup>tm1Tyj</sup>/+</b>,"Mesodermal cell/mesoblast, Pancreas",11159909,59,p.?,""
181,NA,1641,50002428,(STOCK) <b>Tg(Ela1-Tgfa)150Bri Trp53<sup>tm1Tyj</sup></b>,Pancreas,11159909,59,p.?,""
182,NA,1641,50002429,(STOCK) <b>Trp53<sup>tm1Tyj</sup>/+</b>,"Mesodermal cell/mesoblast, Leukocyte",11159909,59,p.?,""
183,NA,1641,50002430,(STOCK) <b>Trp53<sup>tm1Tyj</sup></b>,"Mesodermal cell/mesoblast, Leukocyte",11159909,59,p.?,""
651,NA,1641,NA,<b>Tax<sup>+</sup> p53<sup>+/-</sup></b>,Lymphomas,11160722,142,p.?,""
652,NA,1641,NA,<b>Tax<sup>+</sup> p53<sup>-/-</sup></b>,"Lymphomas, Sarcomas",11160722,142,p.?,""
26,NA,1641,335,<b>Ptc+/-p53-/-</b>,CNS - Brain,11212243,58,p.?,""
260,NA,1641,50003150,[not specified] <b>Ptch1<sup>tm1Mps</sup>/+ Trp53<sup>tm1Tyj</sup>/+</b>,"Mesodermal cell/mesoblast, CNS - Brain - Cerebellum - Posterior",11212243,58,p.?,""
262,NA,1641,50003152,[not specified] <b>Ptch1<sup>tm1Mps</sup>/+ Trp53<sup>tm1Tyj</sup></b>,"Mesodermal cell/mesoblast, CNS - Brain - Cerebellum",11212243,58,p.?,""
112,NA,1641,50001902,[not specified] <b>Tg(Tyr-HRAS)60Lc Trp53<sup>tm1Tyj</sup>/+</b>,Skin - Melanocyte,11238948,57,p.?,""
113,NA,1641,50001903,[not specified] <b>Tg(Tyr-HRAS)60Lc Trp53<sup>tm1Tyj</sup></b>,"Skin - Melanocyte, Mesodermal cell/mesoblast, Leukocyte - Lymphocyte",11238948,57,p.?,""
141,NA,1641,50002160,(Black Swiss; 129S) <b>Trp53<sup>tm1Brd</sup></b>,"Blood vessel, Bone - Jaw, Heart, Intestine - Large Intestine - Rectum, Leukocyte, Mouth, Ovary - Germ cell, Salivary gland, Thymus",11280729,56,p.?,""
142,NA,1641,50002161,(Black Swiss; 129S) <b>Trp53<sup>tm1Brd</sup> Wrn<sup>tm1Led</sup></b>,"Blood vessel, Bone - Jaw, Heart, Intestine - Large Intestine - Rectum, Leukocyte, Mouth, Ovary - Germ cell, Salivary gland, Thymus",11280729,56,p.?,""
251,NA,1641,50002885,(STOCK) <b>Tcrb<sup>tm1Mom</sup> Trp53<sup>tm1Brd</sup></b>,"Intestine - Large Intestine - Rectum, Intestine - Large Intestine - Colon - Distal, Intestine - Large Intestine - Colon - Medial, Intestine - Large Intestine - Colon - Proximal, Intestine - Large Intestine - Cecum, Intestine - Ileocecal Junction, Leukocyte",11289103,55,p.?,""
252,NA,1641,50002886,(STOCK) <b>Tcrb<sup>tm1Mom</sup> Trp53<sup>tm1Brd</sup></b>,"Intestine - Large Intestine - Rectum, Intestine - Large Intestine - Colon - Distal, Intestine - Large Intestine - Colon - Medial, Intestine - Ileocecal Junction, Leukocyte",11289103,55,p.?,""
18,NA,1641,171,<b>c-neu(TG.NK) x Trp53<sup>+/-</sup></b>,"Mammary Gland, Salivary Gland - Parotid",11313888,54,p.?,""
636,NA,1641,NA,<b>p53<sup>KI/KI</sup></b> Hupki (human p53 knock-in),None,11313961,134,p.?,""
10,NA,1641,181,<b>K-ras LA1/p53+/-</b>,"Connective Tissue - Fibroblast, Intestine - Large Intestine, Leukocyte - Lymphocyte - Thymocyte, Lung - Alveolus, Skin - Epidermis - Keratinocyte",11323676,53,p.?,""
25,NA,1641,280,<b>K-ras LA1/p53-/-</b>,"Blood Vessel, Connective Tissue - Fibroblast, Leukocyte - Lymphocyte - Thymocyte, Lung - Alveolus, Skin - Epidermis - Keratinocyte",11323676,53,p.?,""
110,NA,1641,50001888,[not specified] <b>Kras<sup>tm2Tyj</sup>/+ Trp53<sup>tm1Tyj</sup>/+</b>,"Bone, Lung, Skin, Thymus, Germ cell (sex not specified), Intestine - Small Intestine - Duodenum, Blood vessel, Leukocyte - Monocyte - Macrophage - Histiocyte, Mesodermal cell/mesoblast, Connective tissue - Fibroblast, CNS - Brain - Undifferentiated cell",11323676,53,p.?,""
111,NA,1641,50001894,[not specified] <b>Kras<sup>tm2Tyj</sup>/+ Trp53<sup>tm1Tyj</sup></b>,"Bone, Lung, Skin, Thymus, Germ cell (sex not specified), Intestine - Small Intestine - Duodenum, Blood vessel, Leukocyte - Monocyte - Macrophage - Histiocyte, Mesodermal cell/mesoblast, Connective tissue - Fibroblast, CNS - Brain - Undifferentiated cell",11323676,53,p.?,""
247,NA,1641,50002838,(B6; 129) <b>Tcrb<sup>tm1Mom</sup> Trp53<sup>tm1Brd</sup></b>,"Intestine - Large Intestine - Colon, Intestine - Large Intestine - Cecum, Intestine - Small Intestine",11326422,52,p.?,""
250,NA,1641,50002861,(B6; 129) <b>Tcrb<sup>tm1Mom</sup> Trp53<sup>tm1Brd</sup></b>,Intestine - Large Intestine,11326422,52,p.?,""
146,NA,1641,50002243,(STOCK) <b>Brca1<sup>tm2Arge</sup> Trp53<sup>tm1Tyj</sup></b>,"Blood vessel, Leukocyte - Lymphocyte",11358863,51,p.?,""
147,NA,1641,50002244,(STOCK) <b>Brca1<sup>tm2Arge</sup> Trp53<sup>tm1Tyj</sup>/+</b>,"Mammary gland, Leukocyte - Lymphocyte",11358863,51,p.?,""
248,NA,1641,50002850,[not specified];129 <b>Brca1<sup>tm1Bhk</sup>/+ Trp53<sup>tm1Tyj</sup></b>,Leukocyte,11358863,51,p.?,""
17,NA,1641,170,<b>Brca1<sup>delta11/delta11</sup> x Trp53<sup>+/-</sup></b>,"Mammary Gland, Ovary, Thymus, Esophagus, Forestomach",11431698,50,p.?,Updated with PubMed ID 17363841
188,NA,1641,50002497,(STOCK) <b>Brca1<sup>tm2.1Cxd</sup>/+ Trp53<sup>tm1Brd</sup>/+</b>,NA,11431698,50,p.?,""
177,NA,1641,50002385,(STOCK) <b>Tg(GFAP-TVA)5Hev Trp53<sup>tm1Brd</sup></b>,CNS - Brain,11485986,49,p.?,""
649,NA,1641,NA,<b>Mdm4<sup>-/-</sup> Trp53<sup>-/-</sup></b>,NA,11528400,140,p.?,""
327,NA,1641,581,<b>Mut3 (cisp53+/&#8722;;NF1+/flox;hGFAP-cre+)</b>,CNS - Brain - Astrocyte,11668683,48,p.?,""
35,NA,1641,10010948,<b>Trp53<sup>F2-10/F2-10</sup></b>,NA,11694875,47,p.?,""
148,NA,1641,50002285,(FVB; 129P2) <b>Trp53<sup>tm1.1Brn</sup> Tg(CMV-cre)1Cgn</b>,"Bone, Lung, Skin, Thymus, Blood vessel, Leukocyte - Monocyte - Macrophage - Histiocyte, Connective tissue - Fibroblast, Mammary gland",11694875,47,p.?,""
149,NA,1641,50002286,(FVB; 129P2) <b>Trp53<sup>tm1.1Brn</sup>/+ Tg(CMV-cre)1Cgn</b>,"Bone, Lung, Skin, Thymus, Blood vessel, Leukocyte - Monocyte - Macrophage - Histiocyte, Connective tissue - Fibroblast, Mammary gland",11694875,47,p.?,""
150,NA,1641,50002287,(FVB; 129P2) <b>Trp53<sup>tm1Brn</sup></b>,NA,11694875,47,p.?,""
151,NA,1641,50002289,(FVB; 129P2) <b>Brca2<sup>tm1Brn</sup> Trp53<sup>tm1Brn</sup> Tg(KRT14-cre)1Brn</b>,"Skin, Leukocyte, Mammary gland",11694875,47,p.?,""
154,NA,1641,50002292,(FVB; 129P2) <b>Brca2<sup>tm1Brn</sup>/+ Trp53<sup>tm1Brn</sup> Tg(KRT14-cre)1Brn</b>,"Skin, Leukocyte - Monocyte - Macrophage - Histiocyte, Mammary gland",11694875,47,p.?,""
155,NA,1641,50002293,(FVB; 129P2) <b>Brca2<sup>tm1Brn</sup> Trp53<sup>tm1Brn</sup>/+ Tg(KRT14-cre)1Brn</b>,"Skin, Leukocyte, Mammary gland",11694875,47,p.?,""
317,NA,1641,452,<b>K14-cre x Brca2 floxed (F11) x Trp53 floxed (F2-10)</b>,"Mammary Gland, Skin",11694875,47,p.?,""
333,NA,1641,10011069,<b>K14-cre;Trp53<sup>F/F</sup></b>,"Mammary Gland, Skin - Epidermis",11694875,47,p.?,""
137,NA,1641,50002153,(B6; 129) <b>Trp53<sup>tm1Tyj</sup></b>,"Bone, Lung, Pancreas - Islet of Langerhans, Adipose tissue, Blood vessel, Leukocyte, Intestine, Stomach, Mesodermal cell/mesoblast, Skin - Epidermis - Hair matrix cell, Ear, Liver, Pancreas, Connective tissue - Fibroblast, Mammary gland, Intestine - Small Intestine, CNS - Brain - Ependym",11696456,46,p.?,""
138,NA,1641,50002154,(B6; 129) <b>Thbs1<sup>tm1Hyn</sup> Trp53<sup>tm1Tyj</sup></b>,"Bone, Lung, Pancreas - Islet of Langerhans, Adipose tissue, Blood vessel, Intestine, Stomach, Mesodermal cell/mesoblast, Skin - Epidermis - Hair matrix cell, Ear, Liver, Pancreas, Leukocyte, Connective tissue - Fibroblast, Mammary gland, CNS - Brain - Ependyma",11696456,46,p.?,""
139,NA,1641,50002155,(B6; 129) <b>Trp53<sup>tm1Tyj</sup>/+</b>,"Adipose tissue, Blood vessel, Bone, CNS - Brain - Ependyma, Connective tissue - Fibroblast, Ear, Intestine, Leukocyte, Liver, Lung, Mammary gland, Mesodermal cell/mesoblast, Pancreas, Skin - Epidermis - Hair matrix cell, Stomach",11696456,46,p.?,""
140,NA,1641,50002156,(B6; 129) <b>Thbs1<sup>tm1Hyn</sup> Trp53<sup>tm1Tyj</sup>/+</b>,"Adipose tissue, Blood vessel, Bone, CNS - Brain - Ependyma, Connective tissue - Fibroblast, Ear, Intestine, Leukocyte, Liver, Lung, Mammary gland, Mesodermal cell/mesoblast, Pancreas, Skin - Epidermis - Hair matrix cell, Stomach",11696456,46,p.?,""
174,NA,1641,50002355,[not specified] <b>Cdk4<sup>tm1.1Bbd</sup> Trp53<sup>tm1Tyj</sup></b>,"Spleen, Germ cell (sex not specified), Blood vessel, Testis - Germ cell, Mesodermal cell/mesoblast, Leukocyte, Muscle - Smooth",11726500,45,p.?,""
175,NA,1641,50002356,[not specified] <b>Cdk4<sup>tm1.1Bbd</sup>/+ Trp53<sup>tm1Tyj</sup></b>,"Germ cell (sex not specified), Mesodermal cell/mesoblast, Leukocyte",11726500,45,p.?,""
176,NA,1641,50002357,[not specified] <b>Trp53<sup>tm1Tyj</sup></b>,"Germ cell (sex not specified), Mesodermal cell/mesoblast, Leukocyte",11726500,45,p.?,""
725,NA,1641,NA,(FVB/N; C57BL/6J; 129/SvEV) <b>SCA1Tg<sup>+/-</sup> p53<sup>-/-</sup></b>,CNS - Brain - Cerebellum,11741393,170,p.?,""
156,NA,1641,50002296,(STOCK) <b>Tg(MtTGFA)42Lmb Trp53<sup>tm1Tyj</sup>/+</b>,Pancreas,11756558,44,p.?,""
157,NA,1641,50002297,(STOCK) <b>Tg(MtTGFA)42Lmb Cdkn2a<sup>tm1Rdp</sup>/+ Trp53<sup>tm1Tyj</sup>/+</b>,Pancreas,11756558,44,p.?,""
158,NA,1641,50002298,(STOCK) <b>Tg(MtTGFA)42Lmb Trp53<sup>tm1Tyj</sup></b>,Pancreas,11756558,44,p.?,""
159,NA,1641,50002299,(STOCK) <b>Tg(MtTGFA)42Lmb Cdkn2a<sup>tm1Rdp</sup>/+ Trp53<sup>tm1Tyj</sup></b>,Pancreas,11756558,44,p.?,""
160,NA,1641,50002300,(STOCK) <b>Tg(MtTGFA)42Lmb Cdkn2a<sup>tm1Rdp</sup> Trp53<sup>tm1Tyj</sup></b>,Pancreas,11756558,44,p.?,""
161,NA,1641,50002302,(STOCK) <b>Tg(MtTGFA)100Lmb Trp53<sup>tm1Tyj</sup>/+</b>,Pancreas,11756558,44,p.?,""
162,NA,1641,50002305,(STOCK) <b>Trp53<sup>tm1Tyj</sup></b>,Pancreas,11756558,44,p.?,""
163,NA,1641,50002306,(STOCK) <b>Cdkn2a<sup>tm1Rdp</sup>/+ Trp53<sup>tm1Tyj</sup>/+</b>,Pancreas,11756558,44,p.?,""
239,NA,1641,50002760,(B6; 129S7) <b>Trp53<sup>tm1Ldo</sup>/+</b>,"Bone, Lung, Mesodermal cell/mesoblast, Leukocyte, Mammary gland",11780111,43,p.?,Also known as p53+/m mice; updated with PubMed ID 17996864
240,NA,1641,50002761,(B6; 129S7) <b>Trp53<sup>tm1Brd</sup>/Trp53<sup>tm1Ldo</sup></b>,"Mesodermal cell/mesoblast, Leukocyte, Leukocyte - Lymphocyte - T-lymphocyte",11780111,43,p.?,""
3,A138V,21,50002762,(B6; CD-1) <b>Tg(Trp53A135V)L2Ber</b>,"Bone, Lung, Mesodermal cell/mesoblast, Leukocyte",11780111,43,p.A138V,""
805,S20A,2347,NA,<b>p53<sup>S23A/-</sup> RAG2<sup>-/-</sup></b>,NA,11909939,207,p.S20A,""
686,NA,1641,NA,(FVB/N; 129/Ola x 129/Sv) <b>adCre Nf2<sup>flox2/flox2</sup> p53<sup>+/-</sup></b>,"CNS - Meninges, PNS - Nerve sheath, PNS - Schwann cell, Bone, Liver, CNS - Brain",12000789,156,p.?,""
687,NA,1641,NA,(FVB/N; 129/Ola x 129/Sv) <b>adCre Nf2<sup>flox2/flox2</sup> p53<sup>-/-</sup></b>,"CNS - Meninges, Bone, Pituitary gland, Liver, CNS - Brain",12000789,156,p.?,""
184,NA,1641,50002455,(STOCK) <b>Tg(GFAP-TAg121)1Tvd Trp53<sup>tm1Tyj</sup>/+</b>,"CNS - Brain - Olfactory bulb, CNS - Brain - Astrocyte",12086874,42,p.?,""
318,NA,1641,471,<b>IC<sup>64 or 47</sup>:Rb<sup>F19/F19</sup>;Trp53<sup>+/-</sup></b>,"Pineal Gland, Pituitary Gland",12096340,41,p.?,""
794,NA,1641,NA,<b>Mdm4<sup>-/-</sup> Trp53<sup>+/-</sup></b>,Lethal,12101245,204,p.?,""
795,NA,1641,NA,<b>Mdm4<sup>-/-</sup> Trp53<sup>-/-</sup></b>,NA,12101245,204,p.?,""
178,NA,1641,50002386,(B6; 129) <b>Xrcc4<sup>tm1Fwa</sup> Trp53<sup>tm1Brd</sup></b>,Leukocyte - Lymphocyte - Pro-B-lymphocyte,12110179,40,p.?,""
179,NA,1641,50002387,(B6; 129) <b>Xrcc4<sup>tm1Fwa</sup> Trp53<sup>tm1Brd</sup> Rag2<sup>tm1Fwa</sup></b>,"Leukocyte - Lymphocyte - Pro-B-lymphocyte, CNS - Brain - Undifferentiated cell",12110179,40,p.?,""
730,NA,1641,NA,(FVB/N) <b>CCSP-dnp53</b>,Lung,12151310,173,p.?,""
219,NA,1641,50002652,(STOCK) <b>Trp53<sup>tm1Tyj</sup>/+</b>,"Bone, Skin, Leukocyte, Mammary gland, Intestine - Large Intestine",12204535,39,p.?,""
215,NA,1641,50002647,(STOCK) <b>Msh2<sup>tm1Htr</sup> Trp53<sup>tm1Mlh</sup></b>,Thymus,12214270,38,p.?,""
216,NA,1641,50002648,(STOCK) <b>Msh2<sup>tm1Htr</sup>/+ Trp53<sup>tm1Mlh</sup></b>,"Thymus, Intestine - Large Intestine - Cecum, Mesodermal cell/mesoblast",12214270,38,p.?,""
217,NA,1641,50002649,(STOCK) <b>Msh2<sup>tm1Htr</sup> Trp53<sup>tm1Mlh</sup>/+</b>,"Thymus, Intestine",12214270,38,p.?,""
218,NA,1641,50002650,(STOCK) <b>Trp53<sup>tm1Mlh</sup></b>,Thymus,12214270,38,p.?,""
328,NA,1641,10008479,<b>L2D1<sup>+</sup>;p53<sup>+/-</sup></b>,"Esophagus, Oral Cavity, Tongue",12235107,37,p.?,""
19,NA,1641,240,<b>K5-Tert Tg x p53-/-</b>,"Prepuce, Skin",12242304,36,p.?,""
633,R273H,2184,NA,(FVB/N) <b>SP-C-p53<sup>273H</sup></b>,Lung,12420220,131,p.R273H,Other name in Mref_ID 216: p53<sup>+/+/TG</sup>
774,NA,1641,NA,(C57Bl/6; CBA) <b>p53<sup>-/-;tg/.</sup></b>,None,12426394,193,p.?,""
775,NA,1641,NA,(C57Bl/6; CBA; 129Sv) <b>p53<sup>+/+;tg/.</sup></b> Super p53 mice,"Leukocyte - Lymphocyte, Kidney, Bone",12426394,193,p.?,""
776,NA,1641,NA,(C57Bl/6; CBA; 129Sv) <b>p53<sup>+/+;tg/tg</sup></b> Super p53 mice,NA,12426394,193,p.?,""
266,NA,1641,50003167,[not specified] <b>Lig4<sup>tm1Icrf</sup> Trp53<sup>tm1Tyj</sup></b>,"Leukocyte - Lymphocyte - Pro-B-lymphocyte, CNS - Brain - Cerebellum",12438222,35,p.?,""
267,NA,1641,50003168,[not specified] <b>Lig4<sup>tm1Icrf</sup> Trp53<sup>tm1Tyj</sup>/+</b>,"Leukocyte - Lymphocyte - Pro-B-lymphocyte, CNS - Brain - Cerebellum",12438222,35,p.?,""
211,NA,1641,50002642,(STOCK) <b>Trp53<sup>tm1Mlh</sup> Wt1<sup>tm1Jae</sup>/+</b>,"Bone, Thymus, Thymus, Blood vessel, Intestine, Mesodermal cell/mesoblast, Kidney - Cortex - Renal tubule, Leukocyte",12438257,34,p.?,""
212,NA,1641,50002643,(STOCK) <b>Trp53<sup>tm1Mlh</sup></b>,"Bone, Thymus, Thymus, Blood vessel, Intestine, Mesodermal cell/mesoblast, Kidney - Cortex - Renal tubule, Leukocyte",12438257,34,p.?,""
213,NA,1641,50002644,(STOCK) <b>Trp53<sup>tm1Mlh</sup>/+</b>,"Mesodermal cell/mesoblast, Kidney - Cortex - Renal tubule",12438257,34,p.?,""
214,NA,1641,50002645,(STOCK) <b>Trp53<sup>tm1Mlh</sup>/+ Wt1<sup>tm1Jae</sup>/+</b>,"Mesodermal cell/mesoblast, Kidney - Cortex - Renal tubule",12438257,34,p.?,""
208,NA,1641,50002599,(B6; 129) <b>Rb1<sup>tm1Tyj</sup>/+ Trp53<sup>tm1Tyj</sup></b>,"Lung - Bronchiole, Pancreas - Islet of Langerhans, Pineal gland, Pituitary gland",12486224,33,p.?,""
196,NA,1641,50002532,(B6; 129) <b>Parp1<sup>tm1Zqw</sup> Trp53<sup>tm1Brd</sup></b>,"Blood vessel, CNS - Brain, CNS - Brain - Cerebellum, CNS - Brain - Cerebrum/cortex, Leukocyte",12507917,32,p.?,""
199,NA,1641,50002568,(B6; 129) <b>Trp53<sup>tm1Brd</sup></b>,CNS - Brain,12507917,32,p.?,""
186,NA,1641,50002495,(B6; 129S2) <b>Trp53<sup>tm1Tyj</sup>/J</b>,"Thymus, Forestomach, Esophagus, Leukocyte, Forestomach - Squamocolumnar junction with the glandular stomach, Esophagus - Glandular",12517797,31,p.?,""
187,NA,1641,50002496,(B6; 129S2) <b>Trp53<sup>tm1Tyj</sup>/J</b>,"Thymus, Forestomach, Esophagus, Liver, Leukocyte, Forestomach - Squamocolumnar junction with the glandular stomach",12517797,31,p.?,""
242,NA,1641,50002794,(B6; 129S2) <b>Trp53<sup>tm1Tyj</sup>/J</b>,"Forestomach, Esophagus, Forestomach - Squamocolumnar junction with the glandular stomach",12517797,31,p.?,""
243,NA,1641,50002795,(B6; 129S2) <b>Trp53<sup>tm1Tyj</sup>/J</b>,"Thymus, Forestomach, Esophagus, Subcutis, CNS - Brain - Cerebellum, Muscle - Striated - Skeletal",12517797,31,p.?,""
189,NA,1641,50002498,(STOCK) <b>Brca1<sup>tm2.1Cxd</sup> Trp53<sup>tm1Brd</sup>/+</b>,"Bone, CNS - Brain, Lung, Spleen, Thymus, Liver, Mammary gland, Ovary, Leukocyte - Lymphocyte",12533509,30,p.?,""
190,NA,1641,50002499,(STOCK) <b>Trp53<sup>tm1Brd</sup>/+</b>,Mammary gland,12533509,30,p.?,""
673,NA,1641,NA,(FVB/N) <b>MTB/TWNT p53+/-</b>,Mammary gland,12600942,150,p.?,See also PubMed ID 18060046
674,NA,1641,NA,(FVB/N) <b>MTB/TWNT p53-/-</b>,Leukocyte - Lymphocyte,12600942,150,p.?,""
244,NA,1641,50002807,[not specified] <b>Tg(S100b-v-erbB)4496Waw Trp53<sup>tm1Brd</sup>/+</b>,CNS - Brain - Glial cell,12670909,29,p.?,""
273,NA,1641,50003193,(STOCK) <b>Trp53<sup>tm1Tyj</sup> Tg(SFTPC-RAF1-BXB)1Urr</b>,Lung,12727849,28,p.?,""
274,NA,1641,50003198,(STOCK) <b>Trp53<sup>tm1Tyj</sup>/+ Tg(SFTPC-RAF1-BXB)1Urr</b>,Lung,12727849,28,p.?,""
275,NA,1641,50003199,[not specified] <b>Trp53<sup>tm1Tyj</sup> Tg(SFTPC-RAF1-BXB)1Urr</b>,"Lung, Leukocyte",12727849,28,p.?,""
276,NA,1641,50003201,[not specified] <b>Trp53<sup>tm1Tyj</sup>/+ Tg(SFTPC-RAF1-BXB)1Urr</b>,Lung,12727849,28,p.?,""
277,NA,1641,50003207,[not specified] <b>Trp53<tm1Tyj</sup></b>,Leukocyte,12727849,28,p.?,""
278,NA,1641,50003208,(STOCK) <b>Trp53<sup>tm1Tyj</sup> Tg(SFTPC-RAF1-BXB)1Urr</b>,Lung,12727849,28,p.?,""
253,NA,1641,50003032,[not specified] <b>Trp53<sup>tm1Brd</sup></b>,Intestine - Large Intestine,12743811,27,p.?,""
254,NA,1641,50003033,[not specified] <b>Trp53<sup>tm1Brd</sup></b>,"Mesodermal cell/mesoblast, Leukocyte, Intestine - Large Intestine",12743811,27,p.?,""
255,NA,1641,50003034,[not specified] <b>Trp53<sup>tm1Brd</sup>/+</b>,"Abdominal cavity, Intestine - Large Intestine",12743811,27,p.?,""
256,NA,1641,50003035,[not specified] <b>Trp53<sup>tm1Brd</sup>/+</b>,"Abdominal cavity, Intestine - Large Intestine",12743811,27,p.?,""
258,NA,1641,50003135,(B6; 129) <b>Trp53<sup>tm1.1Mok</sup></b>,Leukocyte,12756225,26,p.?,""
259,NA,1641,50003136,(B6; 129) <b>Tob1<sup>tm1Tya</sup> Trp53<sup>tm1.1Mok</sup></b>,"Lung, Spleen, Thymus, Subcutis, Lymph node, Liver, Kidney, Uterus, CNS - Brain - Undifferentiated cell",12756225,26,p.?,""
816,NA,1641,NA,<b>p53<sup>+/-</sup> Lck-Bax38/1 Lck-Bcl-2</b>,Leukocyte - Lymphocyte,12761582,241,p.?,Blc-2 delays tumor formation
817,NA,1641,NA,<b>p53<sup>-/-</sup> Lck-Bax1</b>,Leukocyte - Lymphocyte,12761582,241,p.?,""
818,NA,1641,NA,<b>p53<sup>-/-</sup> Lck-Bax38</b>,Leukocyte - Lymphocyte,12761582,241,p.?,""
819,NA,1641,NA,<b>p53<sup>-/-</sup> Lck-Bax38/1</b>,Leukocyte - Lymphocyte,12761582,241,p.?,See also PubMed ID 17804719
820,NA,1641,NA,<b>p53<sup>-/-</sup> Lck-Bax38/1 Lck-Bcl-2</b>,Leukocyte - Lymphocyte,12761582,241,p.?,Blc-2 delays tumor formation
821,NA,1641,NA,<b>p53<sup>+/-</sup> Lck-Bax38/1</b>,Leukocyte - Lymphocyte - Thymocyte,12761582,241,p.?,""
29,NA,1641,397,(BALB) <b>p53neu</b>,"Salivary Gland, Skeletal System",12782574,25,p.?,""
750,A138V,21,NA,(A/J; FVB) N10 <b>UL53-3</b> A135V mutant,NA,12907609,180,p.A138V,""
751,A138V,21,NA,(A/J) <b>p53<sup>+/-</sup> Ink4a/arf<sup>+/+</sup></b> A135V mutant,Lung,12907609,180,p.A138V,""
752,A138V,21,NA,(A/J) <b>p53<sup>+/-</sup> Ink4a/arf<sup>+/-</sup></b> A135V mutant,Lung,12907609,180,p.A138V,""
773,NA,1641,NA,<b>p53<sup>S18A</sup></b>,NA,12909629,192,p.?,""
197,NA,1641,50002563,(B6; 129) <b>H2afx<sup>tm1Fwa</sup>/+ Trp53<sup>tm1Brd</sup></b>,"Thymus, Thymus, Testis - Germ cell, Intestine - Large Intestine - Colon, Mesodermal cell/mesoblast, Leukocyte - Lymphocyte - B-lymphocyte",12914700,24,p.?,""
198,NA,1641,50002564,(B6; 129) <b>H2afx<sup>tm1Fwa</sup> Trp53<sup>tm1Brd</sup></b>,"Thymus, Testis - Germ cell, Intestine - Large Intestine - Colon, Mesodermal cell/mesoblast, Leukocyte - Lymphocyte - B-lymphocyte, Leukocyte - Lymphocyte - Pro-B-lymphocyte",12914700,24,p.?,""
209,NA,1641,50002612,(B6; 129) <b>Trp53<sup>tm1Brd</sup></b>,"Thymus, Testis - Germ cell, Intestine - Large Intestine - Colon, Mesodermal cell/mesoblast, Leukocyte - Lymphocyte - B-lymphocyte",12914700,24,p.?,""
200,NA,1641,50002583,(B6; 129) <b>Cdkn2c<sup>tm1Bbd</sup> Cdkn2d<sup>tm1Maro</sup> Trp53<sup>tm1Tyj</sup></b>,"CNS - Brain, Pituitary gland - pars intermedia, Blood vessel, Leukocyte - Lymphocyte",14500377,23,p.?,""
201,NA,1641,50002586,(B6; 129) <b>Cdkn2c<sup>tm1Bbd</sup>/+ Cdkn2d<sup>tm1Maro</sup> Trp53<sup>tm1Tyj</sup></b>,"CNS - Brain, Pituitary gland - pars intermedia, Blood vessel, CNS - Brain - Brain Stem, Leukocyte - Lymphocyte",14500377,23,p.?,""
202,NA,1641,50002587,(B6; 129) <b>Cdkn2d<sup>tm1Maro</sup> Trp53<sup>tm1Tyj</sup></b>,"CNS - Brain, Blood vessel, CNS - Brain - Cerebrum/cortex, Pituitary gland, Leukocyte - Lymphocyte",14500377,23,p.?,""
203,NA,1641,50002588,(B6; 129) <b>Cdkn2c<sup>tm1Bbd</sup> Cdkn2d<sup>tm1Maro</sup>/+ Trp53<sup>tm1Tyj</sup></b>,"Pituitary gland - pars intermedia, Blood vessel, CNS - Brain, CNS - Brain - Olfactory bulb, CNS - Brain - Brain Stem, CNS - Brain - Cerebellum, Leukocyte - Lymphocyte",14500377,23,p.?,""
204,NA,1641,50002589,(B6; 129) <b>Cdkn2c<sup>tm1Bbd</sup>/+ Cdkn2d<sup>tm1Maro</sup>/+ Trp53<sup>tm1Tyj</sup></b>,"CNS - Brain, Blood vessel, CNS - Brain - Thalamus - Periventricular zone, CNS - Brain - Cerebellum, Pituitary gland, Leukocyte - Lymphocyte",14500377,23,p.?,""
205,NA,1641,50002590,(B6; 129) <b>Cdkn2c<sup>tm1Bbd</sup> Trp53<sup>tm1Tyj</sup></b>,"CNS - Brain, Thymus, Pituitary gland - pars intermedia, Blood vessel, CNS - Brain - Cerebellum, Leukocyte - Lymphocyte, Testis - Leydig cell (Interstitial cell)",14500377,23,p.?,""
206,NA,1641,50002591,(B6; 129) <b>Cdkn2c<sup>tm1Bbd</sup>/+ Trp53<sup>tm1Tyj</sup></b>,"CNS - Brain, Thymus, Blood vessel, Pituitary gland, Leukocyte - Lymphocyte",14500377,23,p.?,""
207,NA,1641,50002592,(B6; 129) <b>Trp53<sup>tm1Tyj</sup></b>,"CNS - Brain, Thymus, Blood vessel, Testis - Germ cell, CNS - Brain - Brain Stem, Pituitary gland, Leukocyte - Lymphocyte",14500377,23,p.?,""
268,NA,1641,50003170,[not specified] <b>Ptch1<sup>tm1Mps</sup>/+ Trp53<sup>tm1Tyj</sup></b>,CNS - Brain - Cerebellum,14500378,22,p.?,""
269,NA,1641,50003171,[not specified] <b>Cdkn2d<sup>tm1Maro</sup> Cdkn1b<sup>tm1Mlf</sup>/+ Trp53<sup>tm1Tyj</sup></b>,CNS - Brain - Cerebellum,14500378,22,p.?,""
270,NA,1641,50003174,[not specified] <b>Cdkn1b<sup>tm1Mlf</sup> Trp53<sup>tm1Tyj</sup></b>,CNS - Brain - Cerebellum,14500378,22,p.?,""
271,NA,1641,50003175,[not specified] <b>Cdkn2c<sup>tm1Bbd</sup> Trp53<sup>tm1Tyj</sup></b>,CNS - Brain - Cerebellum,14500378,22,p.?,""
272,NA,1641,50003176,[not specified] <b>Cdkn2d<sup>tm1Maro</sup>/+ Cdkn2c<sup>tm1Bbd</sup> Trp53<sup>tm1Tyj</sup></b>,CNS - Brain - Cerebellum,14500378,22,p.?,""
280,NA,1641,50003312,(STOCK) <b>Tg(Ela1-Tgfa)150Bri Trp53<sup>tm1Tyj</sup>/+</b>,Pancreas,14506698,21,p.?,""
281,NA,1641,50003313,(STOCK) <b>Tg(Ela1-Tgfa)150Bri Trp53<sup>tm1Tyj</sup>/+</b>,Pancreas,14506698,21,p.?,""
226,NA,1641,50002666,[not specified] <b>Trp53<sup>tm1Brn</sup>/+</b>,Lung,14522252,20,p.?,""
227,NA,1641,50002667,[not specified] <b>Rb1<sup>tm2Brn</sup> Trp53<sup>tm1Brn</sup>/+</b>,"Lung, Thyroid gland - medulla",14522252,20,p.?,""
228,NA,1641,50002668,[not specified] <b>Rb1<sup>tm2Brn</sup>/+ Trp53<sup>tm1Brn</sup></b>,Lung,14522252,20,p.?,""
229,NA,1641,50002669,[not specified] <b>Rb1<sup>tm2Brn</sup> Trp53<sup>tm1Brn</sup></b>,Lung,14522252,20,p.?,""
241,NA,1641,50002788,[not specified] <b>Trp53<sup>tm1Brn</sup></b>,Lung,14522252,20,p.?,""
320,NA,1641,498,Ad-Cre treated <b>Rb1 floxed (F19);Trp53 floxed (F2-10)</b>,Lung,14522252,20,p.?,""
639,NA,1641,NA,(C3H/HeN; C57BL/6; CBA) <b>XPA<sup>-/-</sup> P53<sup>-/-</sup></b>,NA,14578172,136,p.?,""
640,NA,1641,NA,(C3H/HeN x C57BL/6;CBA) <b>XPA<sup>-/-</sup> P53<sup>+/-</sup></b>,NA,14578172,136,p.?,""
220,NA,1641,50002656,(B6; 129) <b>Cdkn2a<sup>tm1Cjs</sup> Trp53<sup>tm1Brd</sup></b>,"Bone, Mesodermal cell/mesoblast, Leukocyte",14586409,19,p.?,""
221,NA,1641,50002657,(B6; 129) <b>Cdkn2a<sup>tm1Cjs</sup> Trp53<sup>tm1Brd</sup>/+</b>,"Bone, Mesodermal cell/mesoblast, Leukocyte, CNS - Brain - Astrocyte",14586409,19,p.?,""
222,NA,1641,50002658,(B6; 129) <b>Trp53<sup>tm1Brd</sup></b>,"Bone, Mesodermal cell/mesoblast, Leukocyte",14586409,19,p.?,""
223,NA,1641,50002659,(B6; 129) <b>Trp53<sup>tm1Brd</sup>/+</b>,"Bone, Mesodermal cell/mesoblast, Leukocyte",14586409,19,p.?,""
224,NA,1641,50002661,(B6; 129) <b>Cdkn2a<sup>tm1Cjs</sup>/+ Trp53<sup>tm1Brd</sup></b>,"Bone, Mesodermal cell/mesoblast, Leukocyte",14586409,19,p.?,""
225,NA,1641,50002662,(B6; 129) <b>Cdkn2a<sup>tm1Cjs</sup>/+ Trp53<sup>tm1Brd</sup>/+</b>,"Bone, Mesodermal cell/mesoblast, Leukocyte",14586409,19,p.?,""
230,NA,1641,50002701,(STOCK) <b>Trp53<sup>tm1Tyj</sup></b>,Leukocyte,14627978,18,p.?,""
231,NA,1641,50002702,(STOCK) <b>Trp53<sup>tm1Tyj</sup>/+</b>,Leukocyte,14627978,18,p.?,""
232,NA,1641,50002703,(B6; 129) <b>Trp53<sup>tm1Tyj</sup>/+</b>,Thymus,14627978,18,p.?,""
233,NA,1641,50002704,(B6; 129) <b>Trp53<sup>tm1Tyj</sup></b>,Thymus,14627978,18,p.?,""
234,NA,1641,50002705,(B6; 129) <b>Trp53<sup>tm1Tyj</sup></b>,Leukocyte,14627978,18,p.?,""
235,NA,1641,50002706,(B6; 129) <b>Trp53<sup>tm1Tyj</sup>/+</b>,Leukocyte,14627978,18,p.?,""
236,NA,1641,50002707,(B6; 129) <b>Pten<sup>tm1Ppp</sup>/+ Trp53<sup>tm1Tyj</sup>/+</b>,Leukocyte,14627978,18,p.?,""
28,NA,1641,415,<b>p27Kip1 KO x p53 KO</b>,Leukocyte - Lymphocyte - Immature T-Lymphocyte,14647411,17,p.?,""
282,NA,1641,50003316,(STOCK) <b>Trp53<sup>tm1Brd</sup></b>,Leukocyte - Lymphocyte - T-lymphocyte,14647411,17,p.?,""
283,NA,1641,50003318,(STOCK) <b>Cdkn1b<sup>tm1Mlf</sup> Trp53<sup>tm1Brd</sup></b>,Leukocyte - Lymphocyte - T-lymphocyte,14647411,17,p.?,""
284,NA,1641,50003319,(STOCK) <b>Cdkn1b<sup>tm1Mlf</sup>/+ Trp53<sup>tm1Brd</sup></b>,Leukocyte - Lymphocyte - T-lymphocyte,14647411,17,p.?,""
285,NA,1641,50003320,(B6; 129S7) <b>Trp53<sup>tm1Brd</sup></b>,Leukocyte - Lymphocyte - T-lymphocyte,14647411,17,p.?,""
286,NA,1641,50003322,(B6; Cg) <b>Cdkn1b<sup>tm1Mlf</sup> Trp53<sup>tm1Brd</sup></b>,Leukocyte - Lymphocyte - T-lymphocyte,14647411,17,p.?,""
287,NA,1641,50003323,(B6; Cg) <b>Cdkn1b<sup>tm1Mlf</sup>/+ Trp53<sup>tm1Brd</sup></b>,Leukocyte - Lymphocyte - T-lymphocyte,14647411,17,p.?,""
288,NA,1641,50003324,[not specified] <b>Trp53<sup>tm1Brd</sup></b>,"Mesodermal cell/mesoblast, Leukocyte - Lymphocyte - T-lymphocyte",14647411,17,p.?,""
289,NA,1641,50003328,[not specified] <b>Cdkn1b<sup>tm1Mlf</sup> Trp53<sup>tm1Brd</sup></b>,"Stomach, Mesodermal cell/mesoblast, Testis - Seminiferous tubules - Sertoli cell, Blood vessel - Pericyte, Kidney, Adrenal gland, Leukocyte - Lymphocyte - T-lymphocyte",14647411,17,p.?,""
290,NA,1641,50003329,[not specified] <b>Cdkn1b<sup>tm1Mlf</sup>/+ Trp53<sup>tm1Brd</sup></b>,"Neuroblast, Mesodermal cell/mesoblast, Testis - Seminiferous tubules - Sertoli cell, Adrenal gland - Medulla, Leukocyte - Lymphocyte - T-lymphocyte, CNS - Brain - Ependyma, CNS - Brain - Undifferentiated cell",14647411,17,p.?,""
377,R175P,2118,NA,(C57BL/6) <b>Trp53<sup>515C/515C</sup></b>,"Lymphomas, Sarcomas",14702042,128,p.R175P,""
1,R175L,2117,394,<b>PB-p53(R172L) x TRAMP</b>,Prostate Glands,14707287,16,p.R175L,""
2,R175L,2117,511,<b>PB-p53(R172L)</b>,NA,14707287,16,p.R175L,""
798,S15A,3154,NA,(129Sv-Brd; C57BL/6) <b>p53<sup>S18A/+</sup></b>,"Spleen, Liver, Bone - Vertebral column, Skin, Leukocyte - Lymphocyte, Leukocyte - Monocyte - Macrophage - Histiocyte, Blood vessel, Muscle - Smooth",14729946,206,p.S15A,Updated with Mref_ID 210
799,S15A,3154,NA,(129Sv-Brd; C57BL/6) <b>p53<sup>S18A/S18A</sup></b>,"Spleen, Liver, Bone - Vertebral column, Skin, Leukocyte - Lymphocyte, Leukocyte - Monocyte - Macrophage - Histiocyte, CNS - Brain",14729946,206,p.S15A,Updated with Mref_ID 206
800,S15A,3154,NA,(129Sv-Brd; C57BL/6; not specified) <b>Mdm2<sup>+/-</sup> p53<sup>S18A/+</sup></b>,NA,14729946,206,p.S15A,""
801,S15A,3154,NA,(129Sv-Brd; C57BL/6; not specified) <b>Mdm2<sup>+/-</sup> p53<sup>S18A/S18A</sup></b>,NA,14729946,206,p.S15A,""
802,S15A,3154,NA,(129Sv-Brd; C57BL/6; not specified) <b>Mdm2<sup>-/-</sup> p53<sup>S18A/+</sup></b>,Lethal,14729946,206,p.S15A,""
803,S15A,3154,NA,(129Sv-Brd; C57BL/6; not specified) <b>Mdm2<sup>-/-</sup> p53<sup>S18A/S18A</sup></b>,Lethal,14729946,206,p.S15A,""
790,NA,1641,NA,(ICR; B6SJL) <b>p53+/+ p44+</b>,NA,14871929,203,p.?,""
791,NA,1641,NA,(ICR; B6SJL) <b>p53+/+ p44+/+</b>,"Testis, Bone",14871929,203,p.?,""
792,NA,1641,NA,(ICR; B6SJL x C57Bl/6) <b>p53-/- p44+</b>,NA,14871929,203,p.?,""
793,NA,1641,NA,(ICR; B6SJL x C57Bl/6) <b>p53-/- p44+/+</b>,NA,14871929,203,p.?,""
760,NA,1641,NA,(C57BL/6J) <b>ob/ob p53<sup>-/-</sup></b>,Liver,14985341,184,p.?,""
313,NA,1641,351,<b>p53(-/-)</b>,Intestine - Large Intestine - Colon,15082590,15,p.?,""
27,NA,1641,411,<b>p53<sup>fp/fp</sup> x WAP-Cre</b>,Mammary Gland,15150107,14,p.?,""
314,NA,1641,367,<b>p53<sup>fp/fp</sup> x MMTV-Cre</b>,"Leukocyte - Lymphocyte, Mammary Gland",15150107,14,p.?,""
30,NA,1641,533,<b>p53 heterozygous Tg.AC (v-Ha-ras) bitransgenic mice</b>,"Mammary Gland, Salivary Gland - Parotid, Spleen, Stomach, Thymus, Uterus",15204965,13,p.?,""
713,NA,1641,NA,(129S4/SvJae) <b>cis Nf1 <sup>+/-</sup> p53<sup>+/-</sup></b> NPcis mice,"Soft Tissues, CNS - Brain - Astrocyte, Leukocyte - Lymphocyte, Adrenal gland - Medulla",15319471,165,p.?,""
715,NA,1641,NA,(129S4/SvJae) <b>WT female</b> x (C57BL/6) <b>NPcis male</b> F1,CNS - Brain - Astrocyte,15319471,165,p.?,""
716,NA,1641,NA,(129S4/SvJae) <b>NPcis female</b> x (C57BL/6) <b>WT male</b> F1,CNS - Brain - Astrocyte,15319471,165,p.?,""
717,NA,1641,NA,(C57BL/6) <b>WT female</b> x (129S4/SvJae) <b>NPcis male</b> F1,CNS - Brain - Astrocyte,15319471,165,p.?,""
291,NA,1641,50003356,(B6; 129S4) <b>Trp53<sup>tm4Tyj</sup></b>,"Blood vessel, Leukocyte - Lymphocyte - B-lymphocyte, Leukocyte - Monocyte - Macrophage - Histiocyte, Liver, Lung, Skin - Epidermis - Hair matrix cell, Spleen, Thymus",15343266,12,p.?,""
261,NA,1641,50003151,[not specified] <b>Ptch1<sup>tm1Mps</sup>/+ Trp53<sup>tm1Tyj</sup></b>,"Thymus, Germ cell (sex not specified), Mesodermal cell/mesoblast, CNS - Brain - Cerebellum",15380514,11,p.?,""
647,NA,1641,NA,(C57BL/6) <b>FADD-DN p53<sup>-/-</sup></b>,"Spleen, Thymus, Lymph nodes",15382083,138,p.?,""
389,S392A,2488,NA,<b>p53<sup>S389A/S389A</sup></b>,NA,15456863,127,p.S392A,""
325,NA,1641,571,<b>p53–/–NOS2+/+ x  p53+/+NOS2–/–</b>,Leukocyte - Lymphocyte - Immature T-Lymphocyte,15466171,10,p.?,""
761,NA,1641,NA,(C57BL/6) <b>CAG-CAT-AuroraA WAP-Cre p53-/-</b>,Mammary gland,15480417,185,p.?,""
31,NA,1641,592,<b>trans Hic1+/-;p53+/-</b>,"Adrenal Gland, CNS - Brain, Mammary Gland, Ovary, Soft Tissues",15488761,9,p.?,""
32,NA,1641,597,<b>cis Hic1+/-;p53+/-</b>,Soft Tissues,15488761,9,p.?,""
688,NA,1641,NA,<b>Myf6<sup>ICNm/WT</sup> Pax3<sup>P3Fa/WT</sup> Fkhr<sup>F2-3m/WT</sup> Trp53<sup>F2-10/WT</sup></b>,NA,15489287,157,p.?,""
689,NA,1641,NA,<b>Myf6<sup>ICNm/WT</sup> Pax3<sup>P3Fa/WT</sup> Trp53<sup>F2-10/WT</sup></b>,NA,15489287,157,p.?,""
690,NA,1641,NA,<b>Myf6<sup>ICNm/WT</sup> Pax3<sup>P3Fa/WT</sup> Trp53<sup>F2-10/F2-10</sup></b>,NA,15489287,157,p.?,""
691,NA,1641,NA,<b>Myf6<sup>ICNm/WT</sup> Trp53<sup>F2-10/WT</sup></b>,NA,15489287,157,p.?,""
692,NA,1641,NA,<b>Myf6<sup>ICNm/WT</sup> Trp53<sup>F2-10/F2-10</sup></b>,NA,15489287,157,p.?,""
693,NA,1641,NA,<b>Myf6<sup>ICNm/WT</sup> Pax3<sup>P3Fa/P3Fa</sup> Trp53<sup>F2-10/WT</sup></b>,Connective and soft tissues,15489287,157,p.?,""
694,NA,1641,NA,<b>Myf6<sup>ICNm/WT</sup> Pax3<sup>P3Fa/P3Fa</sup> Trp53<sup>F2-10/F2-10</sup></b>,Connective and soft tissues,15489287,157,p.?,""
33,NA,1641,10006933,<b>Trp53<sup>N</sup></b>,"Heart, Liver, Lung, Mammary Gland, Renal Pelvis, Skin, Testis, Thymus",1552940,111,p.?,""
301,NA,1641,50003924,(B6; 129S7) <b>Trp53<sup>tm1Brd</sup></b>,"Blood vessel, Bone, CNS - Brain - Undifferentiated cell, Leukocyte, Liver, Lung, Mammary gland, Mesodermal cell/mesoblast, Pancreas - Islet of Langerhans, Parathyroid gland, Pituitary gland, PNS - Schwann cell, Testis, Thymus, Thyroid gland - medulla",1552940,111,p.?,""
24,NA,1641,516,<b>p53+/- Fbxw7+/-</b>,"Bone, Liver, Lung, Ovary, Thymus",15592418,8,p.?,""
656,R175H,2116,NA,(129S4/SvJae) <b>p53<sup>R172H/+</sup></b>,"Bone, Lung, Blood vessel, Kidney, Leukocytes, CNS - Brain",15607980,7,p.R175H,""
657,R175H,2116,NA,<b>p53<sup>R172H/-</sup></b>,"Lung, Intestine - Small Intestine, Intestine - Large Intestine - Colon, Mammary gland, Skin, Liver, Pancreas, Blood vessel, Leukocytes, CNS - Brain",15607980,7,p.R175H,""
658,R273H,2184,NA,(129S4/SvJae) <b>p53<sup>R270H/+</sup></b>,"Bone, Lung, Blood vessel, Kidney, Leukocytes, CNS - Brain, Liver, Intestine",15607980,7,p.R273H,""
659,R273H,2184,NA,<b>p53<sup>R270H/-</sup></b>,"Lung, Intestine - Small Intestine, Intestine - Large Intestine - Colon, Mammary gland, Skin, Liver, Pancreas, Blood vessel, Leukocytes, CNS - Brain",15607980,7,p.R273H,""
653,R175H,2116,NA,(C57BL/6) <b>p53 <sup>+/515A</sup></b>,"Leukocyte - Lymphocyte, Bone, Blood vessel, Connective and soft tissues",15607981,144,p.R175H,""
654,R175H,2116,NA,(C57BL/6) <b>p53 <sup>515A/515A</sup></b>,"Leukocyte - Lymphocyte, Blood vessel",15607981,144,p.R175H,""
655,R175H,2116,NA,(C57BL/6) <b>p53 <sup>+/515A</sup> mdm2 <sup>-/-</sup></b>,Lethal,15607981,144,p.R175H,""
785,L22Q/W23S,,NA,<b>Trp53<sup>QS/+</sup> deleter-Cre</b>,Embryonic lethality,15654339,199,,""
721,NA,1641,NA,(BALB/c; C57BL/6J) <b>hTERTp-LacZ p53<sup>+/-</sup></b>,Mammary gland,15735002,167,p.?,""
842,NA,1641,NA,(C57Bl6/J) <b>p53<sup>-/-</sup> ApoE<sup>-/-</sup></b>,Muscle - Smooth,15746445,231,p.?,""
762,NA,1641,NA,(FVB; 129; C57BL/6) <b>Wnt-1TG p53-/-</b>,Mammary gland,15824740,186,p.?,""
781,NA,1641,NA,(C57BL/6; 129/SvJae) <b>p53<sup>+/-</sup> p63<sup>+/-</sup></b>,"Mammary gland, Bone, Urinary Bladder, Leukocyte, Leukocyte - Lymphocyte - Thymocyte, Connective and soft tissues, Esophagus",15837625,197,p.?,""
782,NA,1641,NA,(C57BL/6; 129/SvJae) <b>p53<sup>+/-</sup> p73<sup>+/-</sup></b>,"Lung, Pancreas - Acinar cell, Bone, Liver, Leukocyte - Lymphocyte - Thymocyte, Blood vessel, Connective and soft tissues",15837625,197,p.?,""
341,R248W,2163,NA,(BALB/c) <b>WAP-mutp53<sup>R245W</sup></b>,Mammary gland,15870706,126,p.R248W,""
351,R273H,2184,NA,(BALB/c) <b>WAP-mutp53<sup>R270H</sup></b>,Mammary gland,15870706,126,p.R273H,""
407,R273H,2184,NA,(BALB/c) <b>WAP-mutp53<sup>R270H</sup> WAP-T1</b>,Mammary gland,15870706,126,p.R273H,See also PubMed ID 18092324
855,R175H,2116,NA,(129/SvJae; C57BL/6) <b>LSL-Kras<sup>G12D/+</sup> LSL-Trp53<sup>R172H/+</sup> Pdx-1-Cre</b>,Pancreas,15894267,222,p.R175H,""
395,NA,1641,NA,(C57BL/6; 129/SvJ) <b>Trp53<sup>KI/KI</sup></b> p53ER<sup>TAM</sup> fusion protein functional only in presence of 4-hydroxytamoxifen,Leukocyte - Lymphocyte,15924142,125,p.?,""
667,NA,1641,NA,(C57BL/6; 129/SvJ) <b>Trp53<sup>KI/+</sup></b> p53ER<sup>TAM</sup> fusion protein functional only in presence of 4-hydroxytamoxifen,NA,15924142,125,p.?,""
697,NA,1641,NA,<b>Trp-53<sup>7KR/7KR</sup></b>,None,16006521,159,p.?,""
698,NA,1641,NA,<b>Trp-53<sup>+/7KR</sup></b>,None,16006521,159,p.?,""
34,NA,1641,10009246,<b>Trp53<sup>loxP</sup></b>,NA,16079851,6,p.?,""
330,NA,1641,10009291,<b>Pten<sup>pc-/-</sup>;Trp53<sup>pc-/-</sup></b>,Prostate Gland,16079851,6,p.?,""
326,NA,1641,580,<b>Mut1 (p53&#8722;/&#8722;;NF1flox/flox;hGFAP-cre+)</b>,CNS - Brain - Astrocyte,16098465,5,p.?,""
660,R273H,2184,NA,(C57BL/6; 129Sv) <b>p53<sup>R270H/+</sup> WAP-Cre</b>,"Mammary gland, Lung, Stomach, Skin, Leukocyte - Lymphocyte",16166291,145,p.R273H,""
724,NA,1641,NA,SSIN <b>K5-E2F1 p53<sup>-/-</sup></b>,NA,16205640,169,p.?,""
62,NA,1641,50001166,(B6; 129S7) <b>Trp53<sup>tm1Brd</sup>/+</b>,"Liver, Lymphoid tissue, Mammary gland, Urinary Bladder",16237043,4,p.?,""
279,NA,1641,50003262,(B6; 129) <b>Tnfsf10<sup>tm1Mjs</sup> Trp53<sup>tm1Brd</sup>/+</b>,"Mesodermal cell/mesoblast, Liver, Lymphoid tissue",16237043,4,p.?,""
753,A138V,21,NA,(A/J) <b>p53<sup>val135/wt</sup> K-ras<sup>wt/wt</sup>,NA,16247444,181,p.A138V,""
754,A138V,21,NA,(A/J) <b>p53<sup>val135/wt</sup> K-ras<sup>ko/wt</sup>,NA,16247444,181,p.A138V,""
641,NA,1641,NA,<b>LSL-K-ras<sup>G12D</sup> p53<sup>Flox/+</sup></b>,Lung,16288016,137,p.?,""
642,NA,1641,NA,<b>LSL-K-ras<sup>G12D</sup> p53<sup>Flox/Flox</sup></b>,Lung,16288016,137,p.?,""
643,R175H,2116,NA,<b>LSL-K-ras<sup>G12D</sup> p53<sup>R172H/+</sup></b>,Lung,16288016,137,p.R175H,""
644,R175H,2116,NA,<b>LSL-K-ras<sup>G12D</sup> p53<sup>R172H/Flox</sup></b>,Lung,16288016,137,p.R175H,""
645,R273H,2184,NA,<b>LSL-K-ras<sup>G12D</sup> p53<sup>R270H/+</sup></b>,Lung,16288016,137,p.R273H,""
646,R273H,2184,NA,<b>LSL-K-ras<sup>G12D</sup> p53<sup>R270H/Flox</sup></b>,Lung,16288016,137,p.R273H,""
635,NA,1641,NA,<b>Brca2<sup>-/-</sup> P53<sup>-/-</sup></b>,NA,16325521,133,p.?,""
718,NA,1641,NA,(FVB) <b>MMTV-Tg<sup>&Delta;N-&beta;Cat/+</sup> P53<sup>+/-</sup></b> virgin females,"Mammary gland,, Bone, Connective and soft tissues, Leukocyte - Lymphocyte, Lung",16434961,166,p.?,""
719,NA,1641,NA,(FVB) <b>MMTV-Tg<sup>&Delta;N-&beta;Cat/+</sup> P53<sup>-/-</sup></b> females,"Leukocyte - Lymphocyte, Blood vessel",16434961,166,p.?,""
720,NA,1641,NA,(FVB) <b>MMTV-Tg<sup>&Delta;N-&beta;Cat/+</sup> P53<sup>-/-</sup></b> males,Testis,16434961,166,p.?,""
708,NA,1641,NA,(C57BL/6) <b>Xpa<sup>-/-</sup> p53<sup>+/-</sup></b>,NA,16464479,162,p.?,""
384,NA,1641,NA,<b>p53<sup>LSL/-</sup>mdm2<sup>+/-</sup>mdm4<sup>+/-</sup></b>,NA,16492744,124,p.?,""
385,NA,1641,NA,<b>p53<sup>LSL/-</sup>mdm2<sup>+/-</sup>mdm4<sup>-/-</sup></b>,NA,16492744,124,p.?,""
386,NA,1641,NA,<b>p53<sup>LSL/-</sup>mdm2<sup>-/-</sup>mdm4<sup>+/-</sup></b>,NA,16492744,124,p.?,""
387,NA,1641,NA,<b>p53<sup>LSL/-</sup>mdm2<sup>-/-</sup>mdm4<sup>-/-</sup></b>,NA,16492744,124,p.?,""
684,NA,1641,NA,(C57BL/6 x BALB/C) <b>TgSTAT5A(S711F) p53-/-</b>,"Leukocyte (WBC), Lymphoid tissue, Leukocyte - Lymphocyte - B-lymphocyte, Leukocyte - Lymphocyte - T-lymphocyte",16532027,155,p.?,""
685,NA,1641,NA,(C57BL/6 x BALB/C) <b>TgSTAT5A(S711F) p53-/+</b>,Leukocyte - Lymphocyte - B-lymphocyte,16532027,155,p.?,""
669,NA,1641,NA,(Balb/c x C57BL/6) <b>p53<sup>+/-</sup> Brca2<sup>+/-</sup></b>,"Forestomach, Bone, Mammary gland, Leukocyte - Lymphocyte",16546942,148,p.?,""
670,NA,1641,NA,(Balb/c; C57BL/6) <b>p53<sup>+/-</sup> Brca2<sup>-/-</sup></b>,"Stomach, Forestomach, Bone, Mammary gland, Leukocyte - Lymphocyte",16546942,148,p.?,""
777,NA,1641,NA,(C57BL/6; not specified) G3 <b>Terc<sup>-/-</sup> p53<sup>+/+;tg/.</sup></b>,None,16582880,194,p.?,""
329,NA,1641,10008871,<b>Pdx1-cre;LSL-Kras<sup>G12D</sup>;p53<sup>lox/+</sup> p16Ink4a<sup>+/-</sup></b>,Pancreas,16585505,3,p.?,""
374,NA,1641,NA,(CE/129) <b>F1-Trp53<sup>tm1Tyj</sup>+/-</b>,NA,16586494,123,p.?,""
375,NA,1641,NA,(CE/129) <b>F2-Trp53<sup>tm1Tyj</sup>+/-</b>,"Lymphomas, Sarcomas, Carcinomas",16586494,123,p.?,""
376,NA,1641,NA,(CE/129) <b>F2-Trp53<sup>tm1Tyj</sup>-/-</b>,"Lymphomas, Sarcomas",16586494,123,p.?,""
731,NA,1641,NA,(129/SvJae) <b>p53<sup>+/&Delta;P</sup></b>,NA,16616333,174,p.?,""
732,NA,1641,NA,(129/SvJae) <b>p53<sup>&Delta;P/&Delta;P</sup></b>,Leukocyte - Lymphocyte,16616333,174,p.?,""
733,NA,1641,NA,(129/SvJae; not specified) <b>p53<sup>&Delta;P/&Delta;P</sup> Mdm2<sup>+/-</sup></b>,NA,16616333,174,p.?,""
734,NA,1641,NA,(129/SvJae; not specified) <b>p53<sup>&Delta;P/&Delta;P</sup> Mdm2<sup>-/-</sup></b>,lethal,16616333,174,p.?,""
735,NA,1641,NA,(129/SvJae; not specified) <b>p53<sup>&Delta;P/&Delta;P</sup> Mdm4<sup>+/-</sup></b>,NA,16616333,174,p.?,""
736,NA,1641,NA,(129/SvJae; not specified) <b>p53<sup>&Delta;P/&Delta;P</sup> Mdm4<sup>-/-</sup></b>,NA,16616333,174,p.?,""
737,NA,1641,NA,(129/SvJae; not specified) <b>p53<sup>+/&Delta;P</sup> Mdm4<sup>-/-</sup></b>,NA,16616333,174,p.?,""
634,NA,1641,NA,<b>mTert<sup>-/-</sup> p53<sup>+/-</sup></b>,NA,16651430,132,p.?,""
695,NA,1641,NA,(C57BL/6; 129Sv) <b>p63<sup>+/-</sup> p53<sup>+/-</sup></b>,NA,16714381,158,p.?,""
696,NA,1641,NA,(C57BL/6; 129Sv) <b>p63<sup>+/-</sup> p53<sup>-/-</sup></b>,NA,16714381,158,p.?,""
728,NA,1641,NA,(C3H; C57BL/6J x C57BL/6J) <b>BLG-CycE p53<sup>+/-</sup></b>,"Bone, Leukocyte - Lymphocyte, Mammary gland, Eye - Harderian gland",16751806,172,p.?,""
729,NA,1641,NA,(C3H; C57BL/6J x C57BL/6J) <b>BLG-T380A p53<sup>+/-</sup></b>,"Mammary gland, Bone, Blood vessel, Leukocyte - Lymphocyte, Connective and soft tissues, Lung, Pituitary gland",16751806,172,p.?,""
681,NA,1641,NA,(C57Bl; 129) <b>rag-1<sup>-/-</sup> Ku80<sup>+/+</sup> p53<sup>-/-</sup></b>,"Leukocyte - Lymphocyte, CNS - Brain, Liver, Blood vessel, Pituitary gland",16751807,154,p.?,""
682,NA,1641,NA,(C57Bl; 129) <b>rag-1<sup>-/-</sup> Ku80<sup>+/-</sup> p53<sup>-/-</sup></b>,"Leukocyte - Lymphocyte, CNS - Brain, Liver, Blood vessel, Pituitary gland",16751807,154,p.?,""
683,NA,1641,NA,(C57Bl; 129) <b>rag-1<sup>-/-</sup> Ku80<sup>-/-</sup> p53<sup>-/-</sup></b>,"Leukocyte - Lymphocyte, CNS - Brain, Liver, Blood vessel, Pituitary gland",16751807,154,p.?,""
392,NA,1641,NA,<b>p53<sup>S18/23A</sup></b>,NA,16757976,122,p.?,""
393,NA,1641,NA,<b>p53<sup>S18/23A/+</sup></b>,NA,16757976,122,p.?,""
394,NA,1641,NA,<b>Xrcc4<sup>-/-</sup>p53<sup>S18/23A/+</sup></b>,"Lymphocyte, Thymus",16757976,122,p.?,""
403,NA,1641,NA,(FVB; C57BL/6) <b>mSds3<SUP>+/+</SUP>/p53<SUP>-/-</SUP></b>,NA,16767157,121,p.?,""
404,NA,1641,NA,(FVB; C57BL/6) <b>mSds3<SUP>+/-</SUP>/p53<SUP>-/-</SUP></b>,NA,16767157,121,p.?,""
405,NA,1641,NA,(FVB; C57BL/6) <b>mSds3<SUP>+/+</SUP>/p53<SUP>+/-</SUP></b>,NA,16767157,121,p.?,""
406,NA,1641,NA,(FVB; C57BL/6) <b>mSds3<SUP>+/-</SUP>/p53<SUP>+/-</SUP></b>,NA,16767157,121,p.?,""
744,NA,1641,NA,(C57BL/6; not specified) <b>Ryr2<sup><i>tm1Nobs/tm1Nobs</i></sup> p53<sup>-/-</sup></b> pCAGnlCre-electroporated,Connective and soft tissues,16785989,177,p.?,""
745,NA,1641,NA,(C57BL/6; not specified) <b>Ryr2<sup><i>tm1Nobs/tm1Nobs</i></sup> p53<sup>-/+</sup></b> pCAGnlCre-electroporated,Connective and soft tissues,16785989,177,p.?,""
763,NA,1641,NA,(C57BL/6; 6xDBA2; FVB/N; 129) F3 <b>p53<sup>PE-/-</sup></b> males,Prostate gland,16912162,187,p.?,""
764,NA,1641,NA,(C57BL/6; 6xDBA2; FVB/N; 129) F3 <b>p53<sup>PE-/-</sup> Rb<sup>PE-/-</sup></b> males,"Prostate gland, Lung, Liver, Adrenal gland, Lymph node",16912162,187,p.?,""
765,NA,1641,NA,(C57BL/6; 6xDBA2; FVB/N; 129) <b>p53<sup>PE+/-</sup> Rb<sup>PE-/-</sup></b> males,NA,16912162,187,p.?,""
766,NA,1641,NA,(C57BL/6; 6xDBA2; FVB/N; 129) <b>p53<sup>PE-/-</sup> Rb<sup>PE+/-</sup></b> males,Prostate gland,16912162,187,p.?,""
390,K320R,1166,NA,<b>p53<sup>K317R/+</sup></b>,NA,16943427,120,p.K320R,""
391,K320R,1166,NA,<b>p53<sup>K317R/K317R</sup></b>,NA,16943427,120,p.K320R,""
331,NA,1641,10010960,<b>K5-TVA Brca1<sup>lox/lox</sup> p53<sup>lox/lox</sup></b>,Ovary,16982732,2,p.?,""
380,NA,1641,NA,<b>NS<sup>+/-</sup>p53<sup>-/-</sup></b>,NA,17000755,119,p.?,""
381,NA,1641,NA,<b>NS<sup>+/-</sup>p53<sup>LSL/LSL</sup></b>,NA,17000755,119,p.?,""
382,NA,1641,NA,<b>NS<sup>-/-</sup>p53<sup>LSL/-</sup></b>,lethal,17000755,119,p.?,""
383,NA,1641,NA,<b>NS<sup>-/-</sup>p53<sup>-/-</sup></b>,lethal,17000755,119,p.?,""
334,NA,1641,50050035,<b>K14-cre;Cdh1<sup>F/F</sup>;Trp53<sup>F/F</sup></b>,"Mammary Gland, Skin - Epidermis",17097565,130,p.?,""
335,NA,1641,50050079,<b>K14-cre;Cdh1<sup>F/+</sup>;Trp53<sup>F/F</sup></b>,"Mammary Gland, Skin - Epidermis",17097565,130,p.?,""
336,NA,1641,50050115,<b>K14-cre;Cdh1<sup>F/F</sup>;Trp53<sup>F/+</sup></b>,"Mammary Gland, Skin - Epidermis",17097565,130,p.?,""
366,NA,1641,NA,(C57BL/6) <b>XRCC2<sup>-/-</sup> p53<sup>-/-</sup></b>,NA,17116431,118,p.?,""
368,NA,1641,NA,(C57BL/6) <b>XRCC2<sup>-/-</sup> p53<sup>+/-</sup></b>,NA,17116431,118,p.?,""
369,NA,1641,NA,(C57BL/6) <b>XRCC2<sup>+/+</sup> p53<sup>-/-</sup></b>,NA,17116431,118,p.?,""
370,NA,1641,NA,(C57BL/6) <b>XRCC2<sup>+/+</sup> p53<sup>+/-</sup></b>,NA,17116431,118,p.?,""
371,NA,1641,NA,(C57BL/6) <b>XRCC2<sup>+/-</sup> p53<sup>+/-</sup></b>,NA,17116431,118,p.?,""
373,NA,1641,NA,(C57BL/6) <b>XRCC2<sup>+/-</sup> p53<sup>-/-</sup></b>,NA,17116431,118,p.?,""
388,NA,1641,NA,<b>DDB1<sup>F/F</sup>p53<sup>-/-</sup></b>,lethal,17129780,117,p.?,""
675,NA,1641,NA,<b>p53<sup>f5&6/f5&6</sup> WAP-Cre</b>,NA,17138902,151,p.?,""
676,NA,1641,NA,<b>Brca1<sup>f11/f11</sup> p53<sup>f5&6/f5&6</sup> WAP-Cre</b>,Mammary gland,17138902,151,p.?,""
738,NA,1641,NA,(129/SvJae) <b>p53<sup>+/AXXA</sup></b>,NA,17158931,175,p.?,""
739,NA,1641,NA,(129/SvJae) <b>p53<sup>AXXA/AXXA</sup></b>,NA,17158931,175,p.?,""
740,NA,1641,NA,(129/SvJae) <b>p53<sup>+/TTAA</sup></b>,NA,17158931,175,p.?,""
741,NA,1641,NA,(129/SvJae) <b>p53<sup>TTAA/TTAA</sup></b>,NA,17158931,175,p.?,""
726,NA,1641,NA,<b>Wip1<sup>+/+</sup> p53<sup>+/-</sup> E&mu;-myc</b>,Leukocyte - Lymphocyte - B-lymphocyte,17158963,171,p.?,""
727,NA,1641,NA,<b>Wip1<sup>-/-</sup> p53<sup>+/-</sup> E&mu;-myc</b>,Leukocyte - Lymphocyte - B-lymphocyte,17158963,171,p.?,""
742,NA,1641,NA,(129/Sv x C57BL/6) <b>PARP-1+/- Trp53+/-</b>,Mammary gland,17160013,176,p.?,""
743,NA,1641,NA,(129/Sv x C57BL/6) <b>PARP-1-/- Trp53+/-</b>,Mammary gland,17160013,176,p.?,""
378,R175P,2118,NA,(C57BL/6) <b>Trp53<sup>515C/515C</sup>p21-/-</b>,"Lymphomas, Sarcomas",17170138,116,p.R175P,""
379,R175P,2118,NA,(C57BL/6) <b>Trp53<sup>515C/+</sup>p21-/-</b>,"Lymphomas, Sarcomas",17170138,116,p.R175P,""
677,S46A,2494,NA,<b>p53hki<sup>S46A/+</sup></b>,NA,17172844,152,p.S46A,""
678,S46A,2494,NA,<b>p53hki<sup>S46A/S46A</sup></b>,NA,17172844,152,p.S46A,""
709,NA,1641,NA,(C57BL/6 x C57BL/6; 129/Ola) <b>E&mu;-myc p53<sup>KI/+</sup></b>,Leukocyte - Lymphocyte - B-lymphocyte,17182091,163,p.?,""
671,NA,1641,NA,(C57BL/6; 129Sv) <b>cisNf1+/- p53+/- lacI+</b>,"CNS - Brain, PNS - Nerve sheath, Abdominal cavity, Testis, Spleen, Liver",17208258,149,p.?,""
843,NA,1641,NA,<b>BLG-Cre Brca1<sup>F22-24/F22-24</sup> p53<sup>+/-</sup></b>,"Mammary gland, Salivary gland",17212342,230,p.?,BLG = Beta-LactoGlobuline => conditional expression of the Cre recombinase transgene during lactation
338,NA,1641,50050819,<b>p53<sup>LSL/LSL</sup></b> (p53-LSL),"Osteoblast, Peritoneum, Thymus",17251932,1,p.?,""
340,NA,1641,50050916,<b>p53-LSL; R26-Cre-ER<sup>T2</sup></b>,"Osteoblast, Peritoneum, Thymus",17251932,1,p.?,""
835,NA,1641,NA,(129S1/SvImJ) <b>MIF-/- p53-/-</b>,"Leukocyte - Lymphocyte - T-Lymphocyte, Leukocyte - Lymphocyte - B-lymphocyte, Abdominal cavity, Stomach, Testis, Spleen, Lymph node, Liver",17290223,234,p.?,""
836,NA,1641,NA,(129S1/SvImJ) <b>MIF+/- p53-/-</b>,NA,17290223,234,p.?,""
402,NA,1641,NA,<b>Braf<SUP>CA/+</SUP>/TP53<SUP>lox/lox</SUP></b>,Lung,17299132,115,p.?,Inducible model for the expression of BRAF<sup>V600E</sup> mutant
710,NA,1641,NA,(C57BL/6; 129Sv/EvJ) <b>hsf1<sup>-/-</sup> p53<sup>-/-</sup></b>,"Testis, Connective and soft tissues",17310987,164,p.?,""
711,NA,1641,NA,(C57BL/6; 129Sv/EvJ) <b>hsf1<sup>+/-</sup> p53<sup>-/-</sup></b>,Leukocyte - Lymphocyte - T-lymphocyte,17310987,164,p.?,""
712,NA,1641,NA,(C57BL/6; 129Sv/EvJ) <b>hsf1<sup>-/-</sup> p53<sup>+/-</sup></b>,NA,17310987,164,p.?,""
872,NA,1641,NA,<b>Gcn5<sup>-/-</sup> p53<sup>-/-</sup></b>,NA,17325035,212,p.?,""
873,NA,1641,NA,<b>Gcn5<sup>+/-</sup> p53<sup>-/-</sup></b>,NA,17325035,212,p.?,""
822,NA,1641,NA,(BALB/cHeA; MSM/Ms) <b>p53<sup>+/-</sup> Atm<sup>+/+</sup></b>,NA,17327688,240,p.?,""
823,NA,1641,NA,(BALB/cHeA; 129SvEv) <b>p53<sup>+/-</sup> Atm<sup>+/-</sup></b>,NA,17327688,240,p.?,""
824,NA,1641,NA,(BALB/cHeA; 129SvEv) <b>p53<sup>+/-</sup> Atm<sup>+/+</sup></b>,NA,17327688,240,p.?,""
825,NA,1641,NA,(BALB/cHeA; MSM/Ms) <b>p53<sup>+/-</sup> Atm<sup>+/-</sup></b>,NA,17327688,240,p.?,""
871,NA,1641,NA,(C57Bl/6; 129-SV) <b>p37<sup>Ing1</sup>-null p53-null</b>,NA,17332334,213,p.?,""
722,NA,1641,NA,(FVB/N x C57BL/6) <b>NRL-TGF&alpha; p53<sup>+/-</sup></b>,Mammary gland,17334393,168,p.?,""
856,R175H,2116,NA,<b>Kras<sup>LSL-G12D/+</sup> Trp53<sup>LSL-R172H/+</sup> Dpc4<sup>flox/+</sup> Cre</b>,Pancreas,17349581,221,p.R175H,""
811,NA,1641,NA,<b>Lck-Chk1<sup>fl/fl</sup> p53<sup>-/-</sup></b>,Leukocyte - Lymphocyte - Immature T-Lymphocyte,17360434,244,p.?,""
746,NA,1641,NA,(129S7/SvEV<sup>Brd-Hprtb-m2</sup>:C57BL/6) <b>p53-FLP</b>,"Leukocyte - Lymphocyte, Bone, Muscle - Smooth, Blood vessel, Lung, Liver, Mammary Gland, Prostate gland, Corpus uteri - Endometrium, Salivary gland, Ovary, Adrenal gland, Pituitary gland, Thymus, Urinary Bladder, Spleen, Esophagus, Stomach, Intestine - Small Intestine - Duodenum",17360553,178,p.?,""
747,NA,1641,NA,(129S7/SvEV<sup>Brd-Hprtb-m2</sup>:C57BL/6) <b>p53-Wnt3-FLP</b>,"Leukocyte - Lymphocyte, Bone, Muscle - Smooth, Blood vessel, Lung, Liver, Corpus uteri - Endometrium, Pancreas, Ovary, Adrenal gland, Pituitary gland, Thymus, Spleen, Seminal vesicle, Urinary Bladder, Prostate gland, Stomach",17360553,178,p.?,""
814,NA,1641,NA,(C57BL/6; 129/Sv) <b>Art<sup>N/N</sup> Trp53<sup>N/N</sup></b>,Leukocyte - Lymphocyte,17384673,242,p.?,""
815,NA,1641,NA,(C57BL/6; 129/Sv) <b>Art<sup>N/N</sup> Trp53<sup>N/+</sup></b>,"Leukocyte - Lymphocyte, Bone, Connective and soft tissues, CNS - Brain - Glial cell",17384673,242,p.?,""
400,NA,1641,NA,<b>Terc<sup>-/-</sup>p53<sup>-/-</sup></b>,NA,17396137,114,p.?,""
401,NA,1641,NA,<b>Terc<sup>-/-</sup>p53<sup>+/-</sup></b>,NA,17396137,114,p.?,""
396,R175P,2118,NA,<b>Terc<sup>+/-</sup>p53<sup>R172P/+</sup></b>,NA,17396137,114,p.R175P,""
397,R175P,2118,NA,<b>Terc<sup>+/-</sup>p53<sup>R172P/R172P</sup></b>,NA,17396137,114,p.R175P,""
398,R175P,2118,NA,<b>Terc<sup>-/-</sup>p53<sup>R172P/R172P</sup></b>,NA,17396137,114,p.R175P,""
399,R175P,2118,NA,<b>Terc<sup>-/-</sup>p53<sup>R172P/+</sup></b>,NA,17396137,114,p.R175P,""
665,R248W,2163,NA,<b>p53<sup>hR248W/R248W</sup></b>,"Thymus, Leukocyte - Lymphocyte, Blood vessel, Connective and soft tissues",17417627,147,p.R248W,""
668,R248W,2163,NA,<b>p53<sup>hR248W/+</sup></b>,None,17417627,147,p.R248W,""
666,R273H,2184,NA,<b>p53<sup>hR273H/R273H</sup></b>,NA,17417627,147,p.R273H,""
852,NA,1641,NA,(C57Bl/6J) G4 <b>mTERC<sup>-/-</sup> Trp53<sup>F2-F10/F2-F10</sup> HBs<sup>+</sup></b>,Liver,17433324,224,p.?,Conditional deletion of TP53 gene achieved by Ad-Cre treatment
853,NA,1641,NA,(C57Bl/6J) <b>mTERC<sup>+/-</sup> Trp53<sup>F2-F10/F2-F10</sup> HBs<sup>+</sup></b>,Liver,17433324,224,p.?,Conditional deletion of TP53 gene achieved by Ad-Cre treatment
849,NA,1641,NA,<b>Pact<sup>+/-</sup> p53<sup>-/-</sup></b>,lethal,17470788,226,p.?,""
850,NA,1641,NA,<b>Pact<sup>-/-</sup> p53<sup>-/-</sup></b>,lethal,17470788,226,p.?,""
810,NA,1641,NA,(129Sv) <b>p53<sup>+/-</sup> K-ras<sup>LA1/+</sup></b>,NA,17486075,245,p.?,""
809,R175H,2116,NA,(129Sv) <b>p53<sup>R172H&Delta;g/+</sup> K-ras<sup>LA1/+</sup></b>,"Lung, Mesothelium, Leukocyte - Lymphocyte, Blood vessel, Connective and soft tissues, Pancreas",17486075,245,p.R175H,""
663,NA,1641,NA,<b>K14-Cre p53<sup>F2-10/+</sup></b>,Skin,17510390,146,p.?,""
664,NA,1641,NA,<b>K14-Cre p53<sup>F2-10/F2-10</sup></b>,Skin,17510390,146,p.?,""
661,R273H,2184,NA,<b>K14-Cre p53<sup>LSL-R270H/+</sup></b>,"Skin, Mammary gland",17510390,146,p.R273H,""
662,R273H,2184,NA,<b>K14-Cre p53<sup>LSL-R270H/F2-10</sup></b>,Skin,17510390,146,p.R273H,""
826,NA,1641,NA,(129S6/SvEv; C57BL/6) <b>Mdm4<sup>+/-<sup> p53<sup>-/-</sup></b>,NA,17526734,239,p.?,""
827,NA,1641,NA,(129S6/SvEv; C57BL/6) <b>Mdm2<sup>+/-</sup> Mdm4<sup>+/-<sup> p53<sup>+/-</sup></b>,No lethality,17526734,239,p.?,""
808,R175P,2118,NA,(C57BL/6; 129SV) <b>Lig4<sup>-/-</sup> p53<sup>p/p</sup></b>,"Thymus, Lymphoid tissue",17535972,208,p.R175P,""
862,NA,1641,NA,(C57BL/6) <b>Nrf2<sup>-/-</sup> p53<sup>+/-</sup></b>,NA,17602169,219,p.?,""
705,NA,1641,NA,(C57BL/6 x 129Sv;C57BL/6 x FVB; 129Sv) <b>K5-Cre*PR1 LSL-K-ras<sup>G12D</sup> p53<sup>f/WT</sup></b> (K-ras-p53<sup>f/WT</sup>) TPA-treated,Skin - Epidermis,17607363,161,p.?,""
707,NA,1641,NA,(C57BL/6 x 129Sv;C57BL/6 x FVB; 129Sv) <b>K5-K-ras-p53<sup>f/f</sup></b> TPA-treated,Skin - Epidermis,17607363,161,p.?,""
704,R175H,2116,NA,(C57BL/6 x 129Sv;C57BL/6) <b>K5-Cre*PR1 LSL-K-ras<sup>G12D</sup> Neo-p53<sup>R172H/WT</sup></b> (K-ras-p53<sup>R172H/WT</sup>) TPA-treated,"Skin - Epidermis, Lung, Lymph node",17607363,161,p.R175H,""
706,R175H,2116,NA,(C57BL/6 x 129Sv;C57BL/6 x FVB; 129Sv) <b>K5-K-ras-p53<sup>R172H/f</sup></b> TPA-treated,Skin - Epidermis,17607363,161,p.R175H,""
812,NA,1641,NA,(C57BL/6; 129S) <b>Msh6<sup>-/-</sup> p53<sup>-/-</sup></b>,"Leukocyte - Lymphocyte - T-Lymphocyte, Leukocyte - Lymphocyte - B-lymphocyte, Connective and soft tissues, Spleen, Liver, Thymus, Kidney",17615258,243,p.?,""
813,NA,1641,NA,(C57BL/6; 129S) <b>Msh6<sup>-/-</sup> p53<sup>+/-</sup></b>,"Leukocyte - Lymphocyte - T-Lymphocyte, Leukocyte - Lymphocyte - B-lymphocyte, Connective and soft tissues, Spleen, Liver, Thymus, Kidney",17615258,243,p.?,""
846,NA,1641,NA,<b>K14-Cre Brca1<sup>F/F</sup> p53<sup>F/+</sup></b>,"Mammary Gland, Skin",17626182,227,p.?,Tissue-specific inactivation of both Brca1 and p53
847,NA,1641,NA,<b>K14-Cre Brca1<sup>F/+</sup> p53<sup>F/F</sup></b>,"Mammary Gland, Skin",17626182,227,p.?,Tissue-specific inactivation of both Brca1 and p53
848,NA,1641,NA,<b>K14-Cre Brca1<sup>F/F</sup> p53<sup>F/F</sup></b>,"Mammary Gland, Skin",17626182,227,p.?,Tissue-specific inactivation of both Brca1 and p53
844,NA,1641,NA,(C57BL/6) <b>s-Arf/p53</b>,NA,17637672,229,p.?,Mice generated by crossing super-Arf and super-p53 mice.
854,NA,1641,NA,<b>Kras p53<sup>L/L</sup></b>,Lung,17676035,223,p.?,Mouse model conditionnally expressing the Kras G12D mutant (upon adeno-Cre inoculation)
830,NA,1641,NA,<b>p53<sup>&Delta;2-10/&Delta;2-10</sup> &beta;4<sup>flox/flox</sup></b>,NA,17699601,237,p.?,""
845,NA,1641,NA,(C57BL/6J; CBA) <b>Atf-2<sup>+/-</sup> p53<sup>+/-</sup></b>,"Mammary Gland, Skin",17700520,228,p.?,""
863,NA,1641,NA,<b>E&mu;-myc Trp53<sup>+/-</sup> Tip60<sup>+/-</sup></b>,Leukocyte - Lymphocyte - B-lymphocyte,17728759,218,p.?,""
831,NA,1641,NA,(129/J; C57BL/6) <b>Mus81<sup>+/-</sup> p53<sup>+/-</sup></b>,"",17875692,236,p.?,""
832,NA,1641,NA,(129/J; C57BL/6) <b>Mus81<sup>-/-</sup> p53<sup>-/-</sup></b>,"Spleen, Soft Tissues, Leukocyte - Lymphocyte - B-lymphocyte, Leukocyte - Lymphocyte - T-Lymphocyte, Leukocyte - Lymphocyte - Thymocyte",17875692,236,p.?,Lethal for females specifically
833,NA,1641,NA,(129/J; C57BL/6) <b>Mus81<sup>+/-</sup> p53<sup>-/-</sup></b>,Soft Tissues,17875692,236,p.?,Lethal for most of the females
867,R175H,2116,NA,(129S4/SvJae; BALB/c; 129SvEV) <b>p53<sup>+/R172H</sup> Hsf1<sup>-/-</sup></b>,NA,17889646,215,p.R175H,""
868,R175H,2116,NA,(129S4/SvJae; BALB/c; 129SvEV) <b>p53<sup>+/R172H</sup> Hsf1<sup>+/-</sup></b>,"Leukocyte - Lymphocyte, Connective and soft tissues",17889646,215,p.R175H,""
869,R175H,2116,NA,(129S4/SvJae; BALB/c; 129SvEV) <b>p53<sup>+/R172H</sup> Hsf1<sup>+/+</sup></b>,"Leukocyte - Lymphocyte, Connective and soft tissues",17889646,215,p.R175H,""
857,NA,1641,NA,(129/Sv; C57BL/6) <b>Mdm2<sup>C462A/C462A</sup> p53<sup>+/-</sup></b>,Lethal,17936560,220,p.?,""
858,NA,1641,NA,(129/Sv; C57BL/6) <b>Mdm2<sup>C462A/C462A</sup> p53<sup>-/-</sup></b>,NA,17936560,220,p.?,""
859,NA,1641,NA,(129/Sv; C57BL/6) <b>Mdm2<sup>+/C462A</sup> p53<sup>-/-</sup></b>,NA,17936560,220,p.?,""
860,NA,1641,NA,(129/Sv; C57BL/6) <b>Mdm2<sup>+/C462A</sup> p53<sup>+/-</sup></b>,NA,17936560,220,p.?,""
861,NA,1641,NA,(129/Sv; C57BL/6) <b>Mdm2<sup>C462A/C462A</sup> p53<sup>ER/-</sup></b>,NA,17936560,220,p.?,""
851,NA,1641,NA,(FVB) <b>Tg.AC p53<sup>+/-</sup></b>,"Thymus, Salivary gland, Mammary gland, Spleen, Skin, Mouth, Lymph node",17952114,225,p.?,Tg.AC mice express the v-Ha-ras transgene.
874,NA,1641,NA,(BALB/C; Mf1; 129/Sv) <b>Ccna1<sup>-/-</sup> p53<sup>-/-</sup></b>,Testis - Seminiferous tubules,17968459,211,p.?,""
865,R273H,2184,NA,(C57BL/6-129/Sv; FVB/N) <b>p53<sup>-/+/TG</sup></b>,Lung,17968669,216,p.R273H,Human R273H (TG) is expressed under the lung-specific SP-C promoter.
878,R273H,2184,NA,(C57BL/6-129/Sv; FVB/N) <b>p53<sup>-/-/TG</sup></b>,Lung,17968669,216,p.R273H,Human R273H (TG) is expressed under the lung-specific SP-C promoter.
834,NA,1641,NA,<b>Lck-Cre Fbxw7<sup>F/F</sup> p53<sup>-/-</sup></b>,Leukocyte - Lymphocyte - Thymocyte,17984302,235,p.?,""
828,R72P,,NA,<b>Hupki codon 72<sup>pro/pro</sup></b>,NA,17998932,238,,""
829,R72P,,NA,<b>Hupki codon 72<sup>arg/pro</sup></b>,NA,17998932,238,,""
837,NA,1641,NA,(B6/129) <b>RIP-H-2k<sup>b</sup> p53<sup>-/-</sup></b>,Pancreas,18006584,233,p.?,The absence of p53 does not affect the phenotype of the original RIP-H-2k<sup>b</sup> mice
838,NA,1641,NA,(B6/129) <b>RIP-H-2k<sup>b</sup> p53<sup>+/-</sup></b>,Pancreas,18006584,233,p.?,The absence of p53 does not affect the phenotype of the original RIP-H-2k<sup>b</sup> mice
876,NA,1641,NA,(C57/BL6 ; not specified) <b>E&mu;-D1T286A p53<sup>+/-</sup><b/>,Leukocyte - Lymphocyte - B-lymphocyte,18006686,209,p.?,""
877,NA,1641,NA,(C57/BL6 ; not specified) <b>E&mu;-D1T286A p53<sup>-/-</sup><b/>,Leukocyte - Lymphocyte - T-Lymphocyte,18006686,209,p.?,""
875,S18A,,NA,(129/sv; C57BL/6) <b>p53 <sup>S18A/-</sup></b>,"Bone - Vertebral column, Skin, Leukocyte - Lymphocyte, Leukocyte, Bone, Leukocyte - Monocyte - Macrophage - Histiocyte, Connective and soft tissues",18089799,210,,""
879,R248Q,2161,NA,(129/sv; C57BL/6) <b>p53 <sup>hR248Q/-</sup></b>,T-lymphomas; B-lymphomas; solid tumors,23538418,246,p.R248Q,""
880,G245S,823,NA,(129/sv; C57BL/6) <b>p53 <sup>hG245S/-</sup></b>,T-lymphomas; B-lymphomas; solid tumors,23538418,246,p.G245S,""
43,A138V,21,50000294,<b>CD-1-Tg(Trp53A135V)L1Ber</b>,"Leukocyte, Ovary",2476668,112,p.A138V,""
44,A138V,21,50000296,<b>CD-1-Tg(Trp53A135V)L2Ber</b>,"Bone, Leukocyte, Ovary",2476668,112,p.A138V,""
45,A138V,21,50000297,<b>CD-1-Tg(Trp53A135V)L3Ber</b>,"Bone, Leukocyte, Ovary",2476668,112,p.A138V,""
40,R196P,2131,50000291,<b>CD-1-Tg(Trp53R193P)1Ber</b>,"Bone, Lung, Testis, Skin, Leukocyte, Muscle - Striated - Skeletal, Ovary",2476668,112,p.R196P,""
41,R196P,2131,50000292,<b>CD-1-Tg(Trp53R193P)2Ber</b>,"Bone, Lung, Skin, Leukocyte, Muscle - Striated - Skeletal, Connective tissue - Fibroblast, Adrenal gland, Ovary",2476668,112,p.R196P,""
42,R196P,2131,50000293,<b>CD-1-Tg(Trp53R193P)3Ber</b>,"Bone, Ovary",2476668,112,p.R196P,""
881,R337H,2246,NA,(C57BL/6N)<b>Trp53<sup>334R/H</sup></b> and <b>Trp53<sup>334H/H</sup></b>,Liver after exposure to diethylnitrosamine,30042151,247,p.R337H,""
6,NA,1641,7,<b>mdm2-/- p53-/-</b>,"Bone, Connective Tissue, Leukocyte - Lymphocyte - T-Lymphocyte",7477326,101,p.?,""
786,NA,1641,NA,<b>mdm2<sup>ml</sup>/+ p53+/-</b>,NA,7477327,200,p.?,""
787,NA,1641,NA,<b>mdm2<sup>ml</sup>/mdm2<sup>ml</sup> p53-/-</b>,NA,7477327,200,p.?,""
81,NA,1641,50001450,(STOCK) <b>Apc<sup>Min</sup>/+ Trp53<sup>tm1Mlh</sup></b>,"Thymus, Lymph node, Pancreas, Intestine - Small Intestine, Intestine - Large Intestine",7478622,102,p.?,""
82,NA,1641,50001452,(STOCK) <b>Trp53<sup>tm1Mlh</sup></b>,"Thymus, Lymph node, Pancreas",7478622,102,p.?,""
302,NA,1641,50003926,(129/Sv) <b>Trp53<sup>tm1Brd</sup>/+</b>,"Bone, Lung,Testis, Blood vessel, Oviduct, Leukocyte, Muscle - Striated - Skeletal, CNS - Brain - Undifferentiated cell, Salivary gland",7546219,103,p.?,""
303,NA,1641,50003927,(129/Sv) <b>Trp53<sup>tm1Brd</sup></b>,"Blood vessel, Bone, CNS - Meninges, Connective tissue - Fibroblast, Heart, Leukocyte, Mammary gland, Muscle - Smooth, Muscle - Striated - Skeletal, Seminal vesicle, Skin, Testis, Testis - Germ cell, Thymus",7546219,103,p.?,""
771,NA,1641,NA,<b>E&mu;-myc p53<sup>+/-</sup></b>,Leukocyte - Lymphocyte,7624125,190,p.?,""
769,NA,1641,NA,(FVB) <b>MMTV-c-myc p53+/-</b>,"Leukocyte - Lymphocyte, Mammary gland, Lymph node",7624126,189,p.?,""
770,NA,1641,NA,(FVB) <b>MMTV-c-myc p53-/-</b>,"Leukocyte - Lymphocyte, Blood vessel, Lymph node",7624126,189,p.?,""
679,NA,1641,NA,<b>p53(-/-)/lacI</b>,NA,7667322,153,p.?,""
680,NA,1641,NA,<b>p53(+/-)/lacI</b>,NA,7667322,153,p.?,""
11,NA,1641,118,<b>Wnt 1 transgenics  x  p53 +/-</b>,Mammary Gland,7705663,104,p.?,""
13,NA,1641,119,<b>Wnt 1 transgenics  x  p53 -/-</b>,"Mammary Gland, Thymus",7705663,104,p.?,""
306,NA,1641,50003961,(STOCK) <b>Tg(Wnt1)1Hev Trp53<sup>tm1Brd</sup>/+</b>,Mammary gland,7705663,104,p.?,""
307,NA,1641,50003963,(STOCK) <b>Tg(Wnt1)1Hev Trp53<sup>tm1Brd</sup></b>,"Thymus, Mammary gland",7705663,104,p.?,""
308,NA,1641,50003965,(STOCK) <b>Trp53<sup>tm1Brd</sup>/+</b>,Mammary gland,7705663,104,p.?,""
309,NA,1641,50003966,(STOCK) <b>Trp53<sup>tm1Brd</sup></b>,Mammary gland,7705663,104,p.?,""
767,NA,1641,NA,(C57Bl/6; 129/Sv; NIH; CBA/Ca) <b>CD2-myc p53+/-</b>,Leukocyte - Lymphocyte - T-lymphocyte,7753548,188,p.?,""
768,NA,1641,NA,(C57Bl/6; 129/Sv; NIH; CBA/Ca) <b>CD2-myc p53-/-</b>,Leukocyte - Lymphocyte - T-lymphocyte; Kidney,7753548,188,p.?,""
191,NA,1641,50002504,(STOCK) <b>Trp53<sup>tm1Brd</sup>/+</b>,"Adipose tissue, Blood vessel, Bone, CNS - Meninges, Connective tissue - Fibroblast, Germ cell (sex not specified), Leukocyte, Lung, Mesodermal cell/mesoblast, Muscle - Smooth, Muscle - Striated - Skeletal, Pancreas - Islet of Langerhans, Skin gland - Perianal gland",7773294,106,p.?,""
192,NA,1641,50002505,(STOCK) <b>Trp53<sup>tm1Brd</sup></b>,"Bone, Lung, Germ cell (sex not specified), Mesodermal cell/mesoblast, Leukocyte, Muscle - Striated - Skeletal",7773294,106,p.?,""
193,A138V,21,50002506,(STOCK) <b>Tg(Trp53A135V)L3Ber</b>,"Lung, Leukocyte, Muscle - Striated - Skeletal, CNS - Brain - Astrocyte",7773294,106,p.A138V,""
194,A138V,21,50002507,(STOCK) <b>Tg(Trp53A135V)L3Ber Trp53<sup>tm1Brd</sup>/+</b>,"Bone, Lung, Eye, Blood vessel, Intestine, Mesodermal cell/mesoblast, Leukocyte, Muscle - Striated - Skeletal, Muscle - Smooth, Mammary gland",7773294,106,p.A138V,""
195,A138V,21,50002508,(STOCK) <b>Tg(Trp53A135V)L3Ber Trp53<sup>tm1Brd</sup></b>,"Blood vessel, Leukocyte, Muscle - Striated - Skeletal",7773294,106,p.A138V,""
152,NA,1641,50002290,(B6; 129S7) <b>Rb1<sup>tm1Brd</sup>/+ Trp53<sup>tm1Brd</sup>/+</b>,"Bone, Pancreas - Islet of Langerhans, Pancreas - Islet of Langerhans, Parathyroid gland, Thyroid gland - medulla, Leukocyte, Muscle - Striated - Skeletal, Pituitary gland",7867001,105,p.?,""
153,NA,1641,50002291,(B6; 129S7) <b>Rb1<sup>tm1Brd</sup>/+ Trp53<sup>tm1Brd</sup></b>,"Bone, Pancreas - Islet of Langerhans, Pineal gland, Blood vessel, CNS - Meninges, Mesodermal cell/mesoblast, Parathyroid gland, Thyroid gland - medulla, Leukocyte, Pituitary gland",7867001,105,p.?,""
14,NA,1641,217,<b>p53+/-</b>,CNS - Brain,7922305,109,p.?,""
292,NA,1641,50003617,(B6; 129S2) <b>Trp53<sup>tm1Tyj</sup>/+</b>,"Blood vessel, Bone, CNS - Brain - Ependyma, Connective tissue - Fibroblast, Eye - Retina, Leukocyte, Liver, Lung, Mesodermal cell/mesoblast, Muscle, Pancreas - Islet of Langerhans, Pineal gland, Pituitary gland, Skin - Epidermis - Hair matrix cell, Thyroid gland",7922305,109,p.?,""
293,NA,1641,50003618,(B6; 129S2) <b>Trp53<sup>tm1Tyj</sup></b>,"Bone, Thymus, Germ cell (sex not specified), Lung - Bronchiole, Urethra - Gland, Pancreas - Islet of Langerhans, Pineal gland, Blood vessel, Mesodermal cell/mesoblast, Thyroid gland, Leukocyte, Muscle - Striated - Skeletal, Pituitary gland, Eye - Retina",7922305,109,p.?,""
772,NA,1641,NA,<b>p53KO bcl-2</b>,Leukocyte - Lymphocyte,7936633,191,p.?,""
294,NA,1641,50003621,(B6; 129S2) <b>Rb1<sup>tm1Tyj</sup>/+ Trp53<sup>tm1Tyj</sup>/+</b>,"Bone, Pituitary gland - pars intermedia, Lung - Bronchiole, Pancreas - Islet of Langerhans, Pineal gland, Thyroid gland - medulla, Leukocyte, Eye - Retina, Muscle - Smooth",7951317,108,p.?,""
295,NA,1641,50003622,(B6; 129S2) <b>Rb1<sup>tm1Tyj</sup>/+ Trp53<sup>tm1Tyj</sup></b>,"Pituitary gland - pars intermedia, Lung - Bronchiole, Urethra - Gland, Pancreas - Islet of Langerhans, Pineal gland, Blood vessel, Mesodermal cell/mesoblast, Thyroid gland - medulla, Leukocyte, Eye - Retina",7951317,108,p.?,""
50,NA,1641,50000914,(STOCK) <b>Tg(LPV-TAg121)2Tvd Trp53<sup>tm1Tyj</sup></b>,CNS - Brain - Choroid plexus,8069917,107,p.?,""
51,NA,1641,50000915,(STOCK) <b>Tg(LPV-TAg121)2Tvd Trp53<sup>tm1Tyj</sup>/+</b>,CNS - Brain - Choroid plexus,8069917,107,p.?,""
52,NA,1641,50000916,(STOCK) <b>Tg(LPV-SV40T)1Tvd Trp53<sup>tm1Tyj</sup>/+</b>,CNS - Brain - Choroid plexus,8069917,107,p.?,""
299,NA,1641,50003922,(B6; 129S7) <b>Trp53<sup>tm1Brd</sup>/+</b>,"Blood vessel, Bone, Connective tissue - Fibroblast, Eye - Harderian gland, Intestine, Leukocyte, Liver, Lung, Mammary gland, Mesodermal cell/mesoblast, Muscle - Smooth&Striated, Pancreas - Islet of Langerhans, Parathyroid gland, Pituitary gland, PNS - Schwann cell, Preputial gland, Salivary gland, Testis - Germ cell, Thyroid gland",8275085,110,p.?,""
300,NA,1641,50003923,(B6; 129S7) <b>Trp53<sup>tm1Brd</sup></b>,"Liver, Leukocyte",8275085,110,p.?,""
54,NA,1641,50001126,(B6; D2) <b>Tg(TTRp53DD)2Tvd</b>,NA,8846919,100,p.?,""
55,NA,1641,50001127,(B6; D2) <b>Tg(LPV-TAg121)2Tvd Tg(TTRp53DD)#Tvd</b>,CNS - Brain - Choroid plexus,8846919,100,p.?,""
56,NA,1641,50001128,(B6; D2) <b>Tg(TTRp53DD)4Tvd</b>,NA,8846919,100,p.?,""
778,NA,1641,NA,(1849; not specified) <b>LCK-Tal-1<sup>+/-</sup> p53<sup>+/-</sup></b>,Leukocyte - Lymphocyte - T-lymphocyte,8912842,195,p.?,""
783,NA,1641,NA,(FVB; C57BL6; BALB/c) <b>MMTV-ras p53<sup>+/-</sup></b>,"Mammary gland, Salivary gland",9001226,198,p.?,""
784,NA,1641,NA,(FVB; C57BL6; BALB/c) <b>MMTV-ras p53<sup>-/-</sup></b>,"Salivary gland, Mammary gland, Leukocyte - Lymphocyte",9001226,198,p.?,""
789,NA,1641,NA,(C57BL/6J; not specified) <b>BLG-MDM2 p53-/-</b>,Mammary gland,9087426,202,p.?,""
16,R175H,2116,169,MMTV <b>c-erb-B2 x WAP-p53 172R-H</b>,Mammary Gland,9154814,99,p.R175H,""
73,R175H,2116,50001290,(FVB) <b>Tg(MMTVneu)202Mul Tg(Trp53R172H)8512Jmr</b>,Mammary gland,9154814,99,p.R175H,""
304,NA,1641,50003950,[not specified] <b>Tg(Th-MYCN)#Waw Trp53<sup>tm1Brd</sup>/+</b>,Neuroblast,9214616,98,p.?,""
305,NA,1641,50003960,[not specified] <b>Tg(Th-MYCN)#Waw Trp53<sup>tm1Brd</sup></b>,Neuroblast,9214616,98,p.?,""
36,A138V,21,50000284,(FVB/N) <b>Tg(Trp53A135V)1Tgd</b>,Lung,9230291,97,p.A138V,""
37,A138V,21,50000285,(FVB/N) <b>Tg(Trp53A135V)2Tgd</b>,Lung,9230291,97,p.A138V,""
38,A138V,21,50000287,(FVB/N) <b>Tg(Trp53A135V)3Tgd</b>,Lung,9230291,97,p.A138V,""
39,A138V,21,50000288,(FVB/N) <b>Tg(Trp53A135V)4Tgd</b>,Lung,9230291,97,p.A138V,""
63,A138V,21,50001168,(FVB/N) <b>Tg(Trp53A135V)#Tgd</b>,Lung,9230291,97,p.A138V,""
105,NA,1641,50001732,(B6; 129S) <b>Apc<sup>Min</sup>/+ Trp53<sup>tm1Tyj</sup></b>,"Intestine - Large Intestine - Colon, Stomach, Intestine - Ileocecal Junction, Intestine - Small Intestine",9294187,96,p.?,""
106,NA,1641,50001733,(B6; 129S) <b>Apc<sup>Min</sup>/+ Trp53<sup>tm1Tyj</sup>/+</b>,"Intestine - Large Intestine - Colon, Stomach, Intestine - Ileocecal Junction, Intestine - Small Intestine",9294187,96,p.?,""
315,NA,1641,404,"<b>MMTV-Cre/CBP<sup>flox/flox</sup>,p53&#8722;/&#8722;</b>",Leukocyte - Lymphocyte - T-Lymphocyte,9336464,95,p.?,""
60,NA,1641,50001164,(B6;129S7) <b>Trp53<sup>tm1Brd</sup>/+</b>,Urinary Bladder,9354418,94,p.?,""
61,NA,1641,50001165,(B6; 129S7) <b>Trp53<sup>tm1Brd</sup>/+</b>,Urinary Bladder,9354418,94,p.?,""
129,NA,1641,50002051,(FVB; 129S) <b>Tg(C3-1-TAg)cJeg Trp53<sup>tm1Tyj</sup>/+</b>,Mammary gland,9364206,93,p.?,""
130,NA,1641,50002052,(FVB; 129S) <b>Tg(C3-1-TAg)cJeg Trp53<sup>tm1Tyj</sup></b>,"Leukocyte, Mammary gland",9364206,93,p.?,""
131,NA,1641,50002053,(FVB; 129S) <b>Trp53<sup>tm1Tyj</sup></b>,Leukocyte,9364206,93,p.?,""
46,NA,1641,50000321,(129) <b>Trp53<sup>tm1Tyj</sup>/J</b>,Mesothelium,9400702,92,p.?,""
47,NA,1641,50000322,(129) <b>Trp53<sup>tm1Tyj</sup>/J</b>,Mesothelium,9400702,92,p.?,""
48,NA,1641,50000323,(129) <b>Trp53<sup>tm1Tyj</sup>/J</b>,"Thymus, Blood vessel, Mesothelium",9400702,92,p.?,""
49,NA,1641,50000324,(129) <b>Trp53<sup>tm1Tyj</sup>/J</b>,"Thymus, Blood vessel, Mesothelium",9400702,92,p.?,""
779,NA,1641,NA,(C57BL/6J) <b>CD2-scl70 p53<sup>+/-</sup></b>,"Leukocyte - Lymphocyte - T-lymphocyte, Leukocyte - Lymphocyte - B-lymphocyte",9416841,196,p.?,""
780,NA,1641,NA,(C57BL/6J) <b>CD2-scl70 p53<sup>-/-</sup></b>,"Leukocyte - Lymphocyte - T-lymphocyte, Leukocyte - Lymphocyte - B-lymphocyte",9416841,196,p.?,""
79,NA,1641,50001445,(B6; 129) <b>Apc<sup>tm1Rak</sup>/+ Trp53<sup>tm1Tyj</sup>/+</b>,Muscle - Striated - Skeletal,9453487,91,p.?,""
80,NA,1641,50001446,(B6; 129) <b>Apc<sup>tm1Rak</sup>/+ Trp53<sup>tm1Tyj</sup></b>,"Muscle - Striated - Skeletal, Intestine",9453487,91,p.?,Updated with PubMed ID 17200209
12,R175H,2116,111,<b>WAP-p53 172R-H</b> treated with DMBA,Mammary Gland,9519874,90,p.R175H,""
20,R175H,2116,113,<b>WAP-p53 172R-H x WAP-TGF alpha</b>,Mammary Gland,9519874,90,p.R175H,""
71,R175H,2116,50001288,(FVB/N) <b>Tg(Trp53R172H)8512Jmr</b>,Mammary gland,9519874,90,p.R175H,""
72,R175H,2116,50001289,(FVB/N) <b>Tg(Trp53R172H)8512Jmr</b>,Mammary gland,9519874,90,p.R175H,""
364,R249S,2170,NA,(C57BL/6) <b>p53ser246/p53<sup>+/+</sup></b>,Liver,9537435,129,p.R249S,""
365,R249S,2170,NA,(C57BL/6) <b>p53ser246/p53<sup>-/-</sup></b>,Liver,9537435,129,p.R249S,""
310,NA,1641,50003974,[not specified] <b>Nf2<sup>tm1Tyj</sup>/+ Trp53<sup>tm1Tyj</sup>/+</b>,"Bone, Connective tissue - Fibroblast",9553042,89,p.?,""
311,NA,1641,50003975,[not specified] <b>Nf2<sup>tm1Tyj</sup>/+ Trp53<sup>tm1Tyj</sup>/+</b>,"Bone, Connective tissue - Fibroblast",9553042,89,p.?,""
312,NA,1641,50003977,[not specified] <b>Nf2<sup>tm1Tyj</sup>/+ Trp53<sup>tm1Tyj</sup></b>,"Bone, Thymus",9553042,89,p.?,""
758,NA,1641,NA,<b>p53<sup>-/-</sup> Atm<sup>+/-</sup></b>,Testis,9632822,183,p.?,""
759,NA,1641,NA,<b>Atm<sup>-/-</sup> p53<sup>-/-</sup></b>,"Leukocyte - Lymphocyte, Leukocyte - Lymphocyte - Thymocyte",9632822,183,p.?,""
316,NA,1641,443,(FVB x 129/Sv) <b>MMTV-c-myc/p53 KO</b>,"Leukocyte (WBC), Mammary Gland",9652742,88,p.?,""
756,NA,1641,NA,(FVB) F1 <b>CK<sup>+</sup> p53<sup>+/-</sup></b>,Leukocyte - Lymphocyte - T-lymphocyte,9662328,182,p.?,""
757,NA,1641,NA,(FVB) F2 <b>CK<sup>+</sup> p53<sup>-/-</sup></b>,"CNS, Leukocyte - Lymphocyte - T-lymphocyte, Blood vessel",9662328,182,p.?,""
748,R175H,2116,NA,(ICR; FVB) <b>HK1-p53<sup>m</sup></b> (R172H mutant),None,9671312,179,p.R175H,""
749,R175H,2116,NA,(ICR; FVB) <b>HK1-p53<sup>m</sup></b> (R172H mutant) DMBA-TPA treated,Skin - Epidermis,9671312,179,p.R175H,""
59,NA,1641,50001163,(B6; 129S7) <b>Trp53<sup>tm1Brd</sup>/+</b>,Urinary Bladder,9731488,87,p.?,""
85,NA,1641,50001535,(129S1/SvImJ) <b>Rb1<sup>tm1Tyj</sup>/+ Trp53<sup>tm1Tyj</sup>/+</b>,"Lung, Pancreas - Islet of Langerhans, Mesodermal cell/mesoblast, Thyroid gland - medulla - C cell, Thyroid gland - medulla, Leukocyte, Pituitary gland",9794240,86,p.?,""
86,NA,1641,50001536,(129S1/SvImJ) <b>Rb1<sup>tm1Tyj</sup>/+ Trp53<sup>tm1Tyj</sup></b>,"Lung, Germ cell (sex not specified), Pancreas - Islet of Langerhans, Mesodermal cell/mesoblast, Thyroid gland - medulla, Leukocyte, Pituitary gland",9794240,86,p.?,""
107,NA,1641,50001851,(STOCK) <b>Tg(NES-TVA)12Hev Trp53<sup>tm1Brd/+</b>,CNS - Brain - Glial cell,9851974,85,p.?,""
108,NA,1641,50001852,(STOCK) <b>Tg(NES-TVA)12Hev Trp53<sup>tm1Brd/+</b>,CNS - Brain - Glial cell,9851974,85,p.?,""
109,NA,1641,50001853,(STOCK) <b>Tg(NES-TVA)12Hev Trp53<sup>tm1Brd/+</b>,CNS - Brain - Glial cell,9851974,85,p.?,""
788,NA,1641,NA,(129SvEvBrd; C57BL/6; not specified) <b>Mdm2-transgenic p53-null</b>,"Leukocyte - Lymphocyte, Blood vessel, Bone, CNS - Brain",9861017,201,p.?,""
64,NA,1641,50001281,[not specified];129 <b>Trp53<sup>tm1Tyj</sup></b>,"Bone, Thymus, Germ cell (sex not specified), Blood vessel, Eye - Harderian gland, Leukocyte, Muscle - Striated - Skeletal, Mammary gland",9950212,84,p.?,""
65,NA,1641,50001282,[not specified];129 <b>Trp53<sup>tm1Tyj</sup></b>,Thymus,9950212,84,p.?,""
66,NA,1641,50001283,[not specified];129 <b>Brca1<sup>tm1Bhk</sup>/+ Trp53<sup>tm1Tyj</sup></b>,"Thymus, Germ cell (sex not specified), Rete ovarii, Leukocyte, Mammary gland",9950212,84,p.?,""
67,NA,1641,50001284,[not specified];129 <b>Trp53<sup>tm1Tyj</sup>/+</b>,"Bone, Lung, Skin, Mammary gland, Liver - Hepatocyte, Muscle - Smooth",9950212,84,p.?,""
68,NA,1641,50001285,[not specified];129 <b>Trp53<sup>tm1Tyj</sup>/+</b>,"CNS - Brain, Thymus, Mesodermal cell/mesoblast, Leukocyte, Ovary",9950212,84,p.?,""
69,NA,1641,50001286,[not specified];129 <b>Brca1<sup>tm1Bhk</sup>/+ Trp53<sup>tm1Tyj</sup>/+</b>,"Bone, Lung, Blood vessel, Connective tissue - Fibroblast, Skin - Epidermis - Basal cell, Liver - Hepatocyte",9950212,84,p.?,""
70,NA,1641,50001287,[not specified];129 <b>Brca1<sup>tm1Bhk</sup>/+ Trp53<sup>tm1Tyj</sup>/+</b>,"Thymus, Blood vessel, Leukocyte - Monocyte - Macrophage - , Histiocyte, Mesodermal cell/mesoblast, Skin - Hair follicle, Mammary gland, Ovary",9950212,84,p.?,""
135,NA,1641,50002085,(STOCK) <b>Trp53<sup>tm1Sia</sup>/+</b>,NA,NA,113,p.?,""
144,NA,1641,50002221,(C.129S2(B6)) <b>Trp53<sup>tm1Tyj</sup>/J</b>,"Lymph node, Liver, Adrenal gland - Cortex",NA,113,p.?,""
185,NA,1641,50002480,(FVB; 129S2(B6)) <b>Trp53<sup>tm1Tyj</sup>/J</b>,Blood vessel,NA,113,p.?,""
257,NA,1641,50003124,(C3Ou; 129S2(B6)) <b>Trp53<sup>tm1Tyj</sup>/J</b>,Thymus,NA,113,p.?,""
